User,Sex,Age,Education,Income,Savings,Assets,State_Name,EffortLive.7,NoEffortLive.7,EffortLive.9,NoEffortLive.9,EffortLive.11,NoEffortLive.11,Mortality1,Mortality2,Mortality3,Mortality4,Mortality5,Mortality6,Mortality7,Mortality8,RiskBehavior1,RiskBehavior2,RiskBehavior3,RiskBehavior4,RiskBehavior5,RiskBehavior6
0,Male,60.0,2,1.0,2.0,2.0,PA,26.0,18.0,36.0,19.0,,,5.0,1.0,1.0,0.0,1.0,0.0,0.0,1.0,1.0,6.0,1.0,1.0,4.0,1.0
1,Female,61.0,5,7.0,4.0,7.0,VA,,,,,,,,,,,,,,,,,,,,
2,Male,36.0,5,4.0,2.0,2.0,TN,94.0,63.0,,,,,4.0,8.0,8.0,5.0,6.0,1.0,2.0,5.0,7.0,4.0,4.0,4.0,1.0,7.0
3,Male,54.0,6,9.0,4.0,9.0,CA,80.0,30.0,85.0,60.0,,,,,,,,,,,1.0,2.0,1.0,1.0,1.0,1.0
4,Female,61.0,3,2.0,2.0,4.0,GA,75.0,10.0,65.0,10.0,85,5.0,30.0,3.0,2.0,40.0,50.0,0.0,25.0,10.0,6.0,1.0,1.0,1.0,1.0,1.0
5,Male,58.0,3,4.0,3.0,6.0,TX,,,70.0,50.0,75,66.0,4.0,3.0,1.0,2.0,8.0,4.0,1.0,25.0,,,,,,
6,Male,40.0,2,4.0,,,,75.0,50.0,75.0,60.0,5,5.0,7.0,5.0,5.0,10.0,30.0,5.0,15.0,25.0,3.0,3.0,2.0,1.0,2.0,3.0
7,Male,64.0,3,,,,NY,,,,,,,,,,,,,,,,,,,,
8,Male,49.0,5,5.0,4.0,4.0,CA,75.0,61.0,50.0,40.0,70,65.0,1.0,7.0,4.0,1.0,3.0,1.0,0.0,8.0,6.0,6.0,1.0,1.0,1.0,7.0
9,Female,68.0,5,1.0,1.0,1.0,KY,,,70.0,50.0,70,50.0,30.0,15.0,15.0,4.0,16.0,0.0,0.0,16.0,1.0,4.0,1.0,1.0,4.0,6.0
10,Male,77.0,6,4.0,2.0,8.0,MD,95.0,50.0,95.0,70.0,99,85.0,1.0,1.0,0.0,1.0,1.0,0.0,1.0,1.0,1.0,1.0,1.0,1.0,1.0,2.0
11,Female,66.0,2,1.0,1.0,6.0,WA,,,81.0,60.0,,,5.0,5.0,5.0,1.0,15.0,0.0,5.0,,1.0,1.0,1.0,1.0,1.0,1.0
12,Female,52.0,5,,,,TX,,,,,91,29.0,,,,,,,,,,,,,,
13,Male,65.0,3,1.0,3.0,3.0,IN,60.0,1.0,50.0,1.0,65,1.0,1.0,1.0,1.0,10.0,5.0,1.0,1.0,45.0,1.0,1.0,1.0,1.0,1.0,1.0
14,Male,29.0,5,4.0,3.0,8.0,PA,,,80.0,35.0,90,40.0,,,,,,,,,1.0,1.0,1.0,1.0,2.0,2.0
15,Male,56.0,5,,,,CA,,,91.0,44.0,85,50.0,1.0,1.0,1.0,1.0,1.0,1.0,1.0,1.0,6.0,4.0,1.0,1.0,7.0,2.0
16,Female,64.0,3,2.0,3.0,8.0,OH,86.0,74.0,66.0,42.0,92,60.0,6.0,94.0,1.0,2.0,2.0,0.0,0.0,4.0,2.0,1.0,4.0,3.0,3.0,1.0
17,Male,59.0,5,4.0,5.0,5.0,MI,1.0,0.0,5.0,0.0,,,13.0,26.0,8.0,14.0,15.0,1.0,1.0,7.0,1.0,1.0,1.0,1.0,1.0,1.0
18,Male,59.0,7,9.0,2.0,9.0,KY,83.0,61.0,,,,,,,,,,,,,5.0,7.0,1.0,1.0,1.0,6.0
19,Female,62.0,6,4.0,2.0,9.0,VA,,,96.0,86.0,96,75.0,3.0,3.0,4.0,4.0,56.0,5.0,4.0,48.0,1.0,1.0,6.0,1.0,2.0,1.0
20,Male,46.0,5,7.0,4.0,9.0,HI,89.0,64.0,89.0,86.0,93,76.0,1.0,12.0,3.0,2.0,19.0,1.0,1.0,1.0,1.0,7.0,1.0,2.0,1.0,3.0
21,Female,34.0,5,6.0,4.0,9.0,MI,80.0,63.0,,,,,3.0,4.0,3.0,2.0,13.0,1.0,3.0,6.0,1.0,1.0,1.0,1.0,3.0,2.0
22,Male,31.0,2,4.0,1.0,1.0,OH,40.0,10.0,25.0,10.0,25,5.0,2.0,1.0,3.0,5.0,8.0,5.0,10.0,1.0,5.0,1.0,1.0,1.0,1.0,4.0
23,Female,,3,5.0,3.0,9.0,TX,95.0,75.0,,,95,80.0,0.0,1.0,1.0,0.0,0.0,0.0,1.0,0.0,,,,,,
24,Female,53.0,7,5.0,6.0,8.0,NC,75.0,50.0,70.0,50.0,82,53.0,20.0,22.0,22.0,47.0,52.0,0.0,49.0,50.0,1.0,1.0,1.0,1.0,1.0,1.0
25,Female,63.0,5,,,,NC,,,,,,,,,,,,,,,1.0,1.0,1.0,1.0,6.0,1.0
26,Female,61.0,3,2.0,1.0,4.0,TX,,,86.0,71.0,95,70.0,,,,,,,,,2.0,4.0,1.0,1.0,1.0,1.0
27,Female,62.0,4,3.0,1.0,3.0,OH,,,,,15,5.0,,,,,,,,,1.0,7.0,4.0,1.0,4.0,1.0
28,Male,54.0,2,,,,NC,,,,,,,,,,,,,,,,,,,,
29,Male,61.0,2,,,,NC,,,,,75,50.0,1.0,0.0,1.0,4.0,10.0,0.0,5.0,3.0,1.0,6.0,4.0,2.0,7.0,6.0
30,Female,57.0,6,,,,TX,,,,,,,,,,,,,,,,,,,,
31,Female,62.0,5,3.0,1.0,1.0,VA,,,90.0,75.0,85,75.0,1.0,1.0,1.0,1.0,5.0,0.0,1.0,1.0,,,,,,
32,Female,56.0,5,3.0,3.0,4.0,OR,90.0,30.0,,,,,31.0,43.0,20.0,22.0,67.0,10.0,35.0,41.0,1.0,1.0,1.0,1.0,1.0,1.0
33,Female,64.0,4,5.0,9.0,9.0,NM,64.0,17.0,72.0,73.0,78,51.0,2.0,2.0,1.0,10.0,24.0,2.0,10.0,53.0,2.0,1.0,5.0,2.0,5.0,2.0
34,Female,78.0,3,,,,NM,,,,,,,51.0,15.0,15.0,15.0,31.0,5.0,5.0,14.0,1.0,1.0,1.0,1.0,2.0,1.0
35,Female,48.0,6,,,,NY,,,,,,,,,,,,,,,1.0,3.0,1.0,1.0,2.0,1.0
36,Female,65.0,3,6.0,2.0,2.0,FL,91.0,63.0,92.0,60.0,,,,,,,,,,,1.0,1.0,2.0,3.0,6.0,1.0
37,Female,66.0,5,5.0,,,FL,97.0,82.0,96.0,82.0,98,96.0,4.0,4.0,4.0,5.0,5.0,1.0,10.0,19.0,1.0,1.0,2.0,1.0,2.0,2.0
38,Female,74.0,5,1.0,,9.0,NY,100.0,94.0,,,100,100.0,1.0,1.0,1.0,1.0,1.0,1.0,1.0,1.0,1.0,1.0,1.0,1.0,2.0,1.0
39,Female,39.0,5,4.0,2.0,5.0,IL,65.0,50.0,55.0,45.0,75,65.0,3.0,2.0,2.0,5.0,10.0,1.0,10.0,25.0,1.0,1.0,1.0,1.0,1.0,1.0
40,Female,74.0,3,4.0,3.0,7.0,FL,55.0,25.0,80.0,40.0,55,40.0,65.0,0.0,0.0,0.0,10.0,0.0,0.0,10.0,1.0,1.0,1.0,1.0,2.0,1.0
41,Female,50.0,5,9.0,1.0,1.0,,80.0,75.0,80.0,70.0,,,2.0,1.0,1.0,11.0,11.0,0.0,0.0,10.0,,,,,,
42,Male,61.0,3,7.0,1.0,1.0,AZ,,,50.0,10.0,50,50.0,2.0,1.0,3.0,3.0,4.0,1.0,5.0,2.0,1.0,2.0,3.0,1.0,7.0,4.0
43,Male,40.0,5,4.0,2.0,2.0,CO,,,,,75,71.0,,,,,,,,,,,,,,
44,Male,59.0,4,8.0,3.0,6.0,CA,77.0,50.0,85.0,31.0,80,50.0,,,,,,,,,1.0,1.0,1.0,1.0,1.0,1.0
45,Female,69.0,2,1.0,3.0,5.0,OK,85.0,55.0,85.0,50.0,90,80.0,15.0,30.0,30.0,15.0,20.0,0.0,10.0,30.0,1.0,1.0,1.0,1.0,2.0,1.0
46,Female,39.0,3,,,,TX,75.0,50.0,,,70,40.0,50.0,5.0,25.0,35.0,10.0,0.0,20.0,55.0,3.0,1.0,3.0,1.0,5.0,2.0
47,Male,30.0,5,1.0,4.0,4.0,TX,84.0,66.0,87.0,69.0,,,0.0,0.0,0.0,1.0,3.0,0.0,1.0,2.0,2.0,1.0,2.0,1.0,4.0,6.0
48,Male,44.0,4,,,,NC,,,,,,,,,,,,,,,,,,,,
49,Male,38.0,5,5.0,4.0,7.0,MD,55.0,10.0,40.0,5.0,50,15.0,5.0,20.0,20.0,15.0,35.0,0.0,10.0,15.0,1.0,1.0,1.0,1.0,1.0,4.0
50,Female,38.0,6,,,,MO,,,,,70,50.0,,,,,,,,,,,,,,
51,Female,39.0,6,5.0,6.0,7.0,IL,63.0,52.0,87.0,30.0,50,33.0,3.0,5.0,2.0,10.0,50.0,1.0,10.0,30.0,1.0,7.0,1.0,1.0,6.0,2.0
52,Male,67.0,6,4.0,1.0,1.0,,91.0,40.0,,,95,67.0,1.0,1.0,1.0,1.0,2.0,0.0,1.0,2.0,1.0,4.0,1.0,1.0,1.0,1.0
53,Male,51.0,5,4.0,1.0,3.0,PA,95.0,68.0,65.0,45.0,65,52.0,1.0,1.0,1.0,20.0,45.0,5.0,10.0,15.0,5.0,1.0,2.0,2.0,1.0,3.0
54,Female,52.0,3,5.0,2.0,3.0,AR,100.0,61.0,80.0,50.0,,,5.0,3.0,3.0,8.0,15.0,1.0,20.0,20.0,1.0,1.0,1.0,1.0,1.0,1.0
55,Female,63.0,2,5.0,5.0,6.0,NY,80.0,60.0,88.0,50.0,80,50.0,20.0,13.0,5.0,4.0,82.0,0.0,6.0,19.0,1.0,1.0,3.0,1.0,7.0,4.0
56,Male,51.0,5,,,,,66.0,4.0,80.0,10.0,91,10.0,40.0,6.0,11.0,3.0,43.0,2.0,3.0,15.0,5.0,3.0,5.0,2.0,2.0,2.0
57,Female,57.0,5,,,,PA,80.0,81.0,49.0,50.0,82,81.0,4.0,50.0,3.0,11.0,69.0,3.0,6.0,21.0,1.0,1.0,1.0,1.0,1.0,3.0
58,Female,67.0,3,2.0,1.0,1.0,PA,,,,,,,,,,,,,,,,,,,,
59,Male,60.0,3,2.0,2.0,2.0,ID,40.0,10.0,0.0,0.0,25,0.0,2.0,0.0,0.0,2.0,1.0,1.0,1.0,24.0,1.0,6.0,1.0,1.0,1.0,1.0
60,Female,48.0,5,1.0,4.0,4.0,CA,35.0,31.0,50.0,53.0,36,18.0,8.0,9.0,11.0,3.0,12.0,13.0,14.0,9.0,1.0,2.0,1.0,2.0,2.0,3.0
61,Female,25.0,6,,,,NC,,,,,,,,,,,,,,,5.0,7.0,7.0,1.0,6.0,4.0
62,Female,31.0,2,4.0,3.0,7.0,AL,86.0,48.0,,,,,0.0,1.0,1.0,25.0,20.0,1.0,15.0,2.0,1.0,1.0,1.0,1.0,1.0,1.0
63,Male,63.0,7,,,,IN,62.0,60.0,81.0,80.0,61,51.0,22.0,8.0,10.0,11.0,13.0,14.0,7.0,13.0,,,,,,
64,Male,50.0,5,7.0,7.0,9.0,CA,75.0,70.0,91.0,81.0,81,61.0,1.0,5.0,3.0,3.0,14.0,11.0,12.0,3.0,2.0,2.0,1.0,1.0,4.0,4.0
65,Female,63.0,2,1.0,2.0,7.0,WV,,,67.0,57.0,64,42.0,37.0,16.0,19.0,14.0,2.0,0.0,19.0,33.0,1.0,1.0,1.0,1.0,3.0,1.0
66,Male,42.0,7,6.0,,,KY,40.0,30.0,48.0,44.0,49,44.0,5.0,5.0,5.0,10.0,10.0,5.0,5.0,15.0,5.0,7.0,1.0,1.0,3.0,4.0
67,Female,45.0,4,5.0,2.0,2.0,CA,100.0,30.0,98.0,50.0,100,100.0,47.0,6.0,6.0,2.0,2.0,2.0,3.0,2.0,1.0,1.0,1.0,1.0,1.0,3.0
68,Male,31.0,2,5.0,1.0,1.0,,2.0,1.0,15.0,1.0,4,1.0,0.0,0.0,0.0,0.0,1.0,0.0,0.0,10.0,1.0,1.0,1.0,4.0,4.0,6.0
69,Female,63.0,2,2.0,3.0,3.0,NC,90.0,50.0,95.0,51.0,87,49.0,,,,,,,,,,,,,,
70,Female,59.0,3,1.0,1.0,1.0,CA,91.0,60.0,95.0,10.0,95,20.0,26.0,34.0,28.0,50.0,41.0,27.0,16.0,58.0,2.0,2.0,2.0,1.0,1.0,1.0
71,Female,21.0,3,,,,AL,,,,,,,1.0,23.0,25.0,50.0,30.0,55.0,14.0,39.0,1.0,1.0,5.0,1.0,1.0,3.0
72,Female,61.0,4,3.0,2.0,9.0,TN,70.0,60.0,70.0,25.0,70,60.0,8.0,1.0,2.0,6.0,10.0,0.0,2.0,25.0,1.0,5.0,2.0,1.0,1.0,3.0
73,Male,29.0,5,4.0,4.0,4.0,MD,89.0,53.0,92.0,7.0,,,1.0,0.0,0.0,6.0,12.0,2.0,3.0,5.0,1.0,1.0,1.0,1.0,2.0,3.0
74,Male,54.0,5,3.0,2.0,2.0,CA,85.0,20.0,81.0,94.0,82,75.0,3.0,1.0,1.0,2.0,15.0,6.0,1.0,12.0,5.0,5.0,2.0,2.0,1.0,4.0
75,Male,26.0,3,6.0,1.0,2.0,IN,30.0,0.0,,,,,,,,,,,,,,,,,,
76,Male,71.0,5,7.0,2.0,9.0,,86.0,50.0,81.0,80.0,84,71.0,4.0,5.0,5.0,4.0,13.0,2.0,4.0,8.0,1.0,1.0,1.0,1.0,1.0,1.0
77,Female,49.0,2,,,,,,,,,,,,,,,,,,,1.0,1.0,1.0,1.0,1.0,7.0
78,Male,60.0,3,4.0,3.0,7.0,PA,,,96.0,80.0,95,70.0,1.0,1.0,1.0,1.0,2.0,1.0,1.0,5.0,,,,,,
79,Male,65.0,6,,,,CO,80.0,50.0,85.0,70.0,85,65.0,1.0,10.0,0.0,1.0,10.0,5.0,2.0,1.0,2.0,2.0,1.0,1.0,3.0,4.0
80,Female,42.0,6,6.0,3.0,9.0,IN,59.0,17.0,42.0,10.0,26,3.0,1.0,1.0,1.0,1.0,3.0,1.0,1.0,3.0,1.0,1.0,1.0,1.0,1.0,1.0
81,Female,60.0,5,6.0,3.0,3.0,CA,,,,,86,27.0,76.0,42.0,42.0,24.0,31.0,1.0,24.0,43.0,1.0,1.0,1.0,1.0,1.0,1.0
82,Female,60.0,4,2.0,4.0,5.0,KY,56.0,48.0,49.0,47.0,71,40.0,56.0,33.0,31.0,34.0,51.0,20.0,34.0,54.0,1.0,1.0,2.0,1.0,1.0,1.0
83,Male,49.0,5,6.0,2.0,,TX,,,,,80,45.0,4.0,1.0,1.0,1.0,1.0,1.0,1.0,9.0,1.0,3.0,1.0,1.0,4.0,3.0
84,Male,26.0,5,1.0,2.0,3.0,NC,100.0,100.0,100.0,100.0,100,50.0,10.0,0.0,0.0,10.0,25.0,0.0,0.0,50.0,1.0,1.0,1.0,1.0,1.0,1.0
85,Male,59.0,4,,,,CA,,,,,61,40.0,,,,,,,,,,,,,,
86,Female,41.0,5,4.0,2.0,9.0,KY,40.0,10.0,0.0,0.0,15,5.0,60.0,35.0,40.0,3.0,5.0,0.0,3.0,9.0,,,,,,
87,Male,58.0,7,6.0,7.0,9.0,,100.0,100.0,100.0,86.0,98,84.0,2.0,2.0,2.0,1.0,1.0,1.0,2.0,1.0,1.0,4.0,1.0,1.0,1.0,1.0
88,Male,56.0,3,1.0,1.0,2.0,MI,60.0,50.0,40.0,6.0,70,50.0,,,,,,,,,1.0,1.0,3.0,1.0,1.0,1.0
89,Male,50.0,4,3.0,5.0,9.0,WA,72.0,62.0,,,87,74.0,2.0,3.0,1.0,1.0,2.0,1.0,1.0,2.0,2.0,3.0,1.0,1.0,4.0,2.0
90,Female,49.0,3,,,,TX,27.0,14.0,58.0,57.0,51,43.0,50.0,1.0,7.0,60.0,42.0,1.0,36.0,48.0,2.0,2.0,3.0,2.0,1.0,3.0
91,Male,51.0,3,1.0,1.0,1.0,MD,78.0,50.0,73.0,35.0,70,34.0,1.0,0.0,0.0,0.0,0.0,0.0,0.0,2.0,1.0,1.0,1.0,1.0,4.0,1.0
92,Male,63.0,6,1.0,1.0,2.0,MT,,,80.0,80.0,80,70.0,2.0,0.0,0.0,0.0,1.0,0.0,0.0,0.0,1.0,1.0,1.0,1.0,6.0,1.0
93,Male,66.0,6,6.0,,,OH,81.0,73.0,96.0,41.0,90,43.0,5.0,1.0,1.0,1.0,13.0,2.0,1.0,12.0,1.0,1.0,1.0,1.0,2.0,1.0
94,Male,74.0,3,,,,,,,,,,,,,,,,,,,,,,,,
95,Male,37.0,3,1.0,2.0,3.0,WI,99.0,86.0,97.0,42.0,95,87.0,1.0,1.0,1.0,1.0,1.0,1.0,1.0,1.0,2.0,3.0,1.0,1.0,1.0,7.0
96,Female,56.0,2,3.0,2.0,3.0,CA,80.0,60.0,66.0,46.0,80,54.0,7.0,5.0,3.0,5.0,18.0,7.0,15.0,37.0,1.0,1.0,1.0,1.0,2.0,1.0
97,Female,41.0,2,1.0,2.0,3.0,FL,70.0,50.0,,,95,30.0,,,,,,,,,1.0,7.0,1.0,1.0,1.0,1.0
98,Male,66.0,4,,,,FL,,,57.0,53.0,,,,,,,,,,,4.0,1.0,3.0,7.0,4.0,4.0
99,Male,33.0,6,,,,AZ,50.0,30.0,50.0,10.0,,,10.0,5.0,0.0,15.0,15.0,0.0,5.0,16.0,1.0,3.0,1.0,1.0,2.0,1.0
100,Male,63.0,5,4.0,,,OR,100.0,100.0,100.0,100.0,,,3.0,2.0,3.0,3.0,3.0,3.0,2.0,3.0,1.0,7.0,1.0,1.0,7.0,4.0
101,Male,64.0,5,7.0,9.0,9.0,CA,,,85.0,75.0,,,1.0,0.0,0.0,1.0,40.0,0.0,1.0,1.0,2.0,1.0,1.0,1.0,3.0,1.0
102,Male,49.0,5,,,,IN,,,81.0,45.0,,,,,,,,,,,,,,,,
103,Female,26.0,5,,,,CA,44.0,30.0,,,30,10.0,6.0,6.0,6.0,3.0,21.0,0.0,0.0,34.0,4.0,1.0,1.0,1.0,4.0,4.0
104,Female,39.0,5,5.0,2.0,2.0,,96.0,61.0,85.0,46.0,95,81.0,,,,,,,,,1.0,1.0,1.0,1.0,2.0,2.0
105,Female,67.0,6,,,,CA,,,,,,,,,,,,,,,1.0,1.0,1.0,1.0,1.0,1.0
106,Male,42.0,6,4.0,2.0,,GA,90.0,50.0,93.0,0.0,91,9.0,0.0,3.0,2.0,1.0,1.0,0.0,1.0,5.0,1.0,1.0,1.0,1.0,1.0,1.0
107,Female,30.0,5,5.0,6.0,6.0,IL,,,80.0,25.0,,,5.0,6.0,2.0,2.0,15.0,0.0,10.0,4.0,1.0,1.0,1.0,1.0,2.0,2.0
108,Female,70.0,3,,,,FL,81.0,81.0,,,,,,,,,,,,,,,,,,
109,Female,35.0,2,,,,TX,85.0,55.0,85.0,30.0,90,20.0,10.0,5.0,10.0,15.0,20.0,0.0,5.0,5.0,1.0,1.0,1.0,1.0,4.0,1.0
110,Female,62.0,2,5.0,4.0,8.0,TX,50.0,10.0,1.0,1.0,10,0.0,50.0,0.0,0.0,10.0,10.0,0.0,5.0,10.0,1.0,1.0,1.0,7.0,7.0,1.0
111,Female,52.0,2,3.0,1.0,1.0,AZ,100.0,50.0,,,,,,,,,,,,,,,,,,
112,Female,58.0,5,,,,KS,,,,,,,,,,,,,,,,,,,,
113,Female,33.0,5,,,,NY,,,,,,,,,,,,,,,,,,,,
114,Female,63.0,5,8.0,9.0,9.0,OH,80.0,10.0,94.0,10.0,100,3.0,1.0,0.0,0.0,0.0,1.0,0.0,0.0,0.0,1.0,1.0,2.0,1.0,2.0,1.0
115,Male,29.0,4,,,,VA,84.0,50.0,,,,,10.0,25.0,25.0,15.0,20.0,15.0,25.0,35.0,,,,,,
116,Female,46.0,5,,,,OK,77.0,19.0,,,93,20.0,,,,,,,,,1.0,1.0,1.0,2.0,1.0,1.0
117,Female,28.0,5,,,,DC,70.0,50.0,,,,,,,,,,,,,5.0,1.0,2.0,3.0,3.0,6.0
118,Female,22.0,5,5.0,2.0,1.0,IL,85.0,45.0,,,,,15.0,15.0,22.0,19.0,43.0,16.0,18.0,32.0,1.0,1.0,1.0,1.0,4.0,2.0
119,,30.0,6,,,,NY,,,,,81,64.0,,,,,,,,,6.0,1.0,1.0,1.0,2.0,3.0
120,Female,47.0,6,5.0,1.0,1.0,FL,52.0,50.0,50.0,49.0,51,49.0,19.0,12.0,7.0,4.0,25.0,4.0,6.0,13.0,1.0,1.0,1.0,1.0,1.0,1.0
121,Female,53.0,4,,,,GA,,,,,,,,,,,,,,,,,,,,
122,Male,35.0,5,5.0,3.0,3.0,LA,82.0,84.0,89.0,48.0,83,79.0,5.0,12.0,11.0,57.0,26.0,31.0,33.0,50.0,1.0,4.0,4.0,1.0,1.0,1.0
123,Male,36.0,5,1.0,5.0,7.0,WI,95.0,40.0,,,,,1.0,1.0,1.0,1.0,3.0,1.0,1.0,1.0,,,,,,
124,Male,46.0,3,,,,,,,,,80,75.0,,,,,,,,,,,,,,
125,Male,67.0,3,5.0,3.0,9.0,NY,80.0,19.0,87.0,80.0,81,86.0,19.0,8.0,5.0,10.0,8.0,8.0,3.0,6.0,1.0,1.0,1.0,1.0,1.0,3.0
126,Male,45.0,5,,,,MN,,,,,,,,,,,,,,,2.0,1.0,1.0,1.0,2.0,1.0
127,Female,38.0,4,2.0,2.0,2.0,,60.0,25.0,,,65,30.0,5.0,6.0,5.0,20.0,32.0,4.0,38.0,36.0,2.0,2.0,3.0,1.0,4.0,3.0
128,Male,65.0,2,,,,FL,,,,,,,5.0,0.0,0.0,1.0,1.0,0.0,0.0,0.0,1.0,1.0,1.0,1.0,7.0,1.0
129,Female,50.0,5,,,,NC,90.0,75.0,71.0,46.0,95,82.0,5.0,1.0,2.0,3.0,9.0,1.0,3.0,5.0,1.0,1.0,1.0,1.0,6.0,1.0
130,Male,61.0,2,3.0,1.0,1.0,AR,1.0,1.0,91.0,91.0,52,51.0,0.0,0.0,0.0,0.0,0.0,0.0,0.0,0.0,1.0,1.0,1.0,1.0,1.0,1.0
131,Female,68.0,5,3.0,4.0,8.0,AZ,20.0,20.0,50.0,10.0,,,3.0,3.0,3.0,1.0,20.0,1.0,15.0,10.0,1.0,1.0,1.0,1.0,1.0,1.0
132,Female,35.0,4,,,,IL,,,,,63,35.0,27.0,15.0,22.0,49.0,47.0,30.0,37.0,38.0,5.0,5.0,5.0,1.0,5.0,2.0
133,Male,39.0,2,1.0,1.0,1.0,CA,,,75.0,45.0,80,65.0,3.0,13.0,10.0,30.0,48.0,23.0,15.0,49.0,,,,,,
134,Male,46.0,5,,,,FL,,,,,50,53.0,,,,,,,,,,,,,,
135,Male,32.0,6,,,,WA,70.0,50.0,70.0,38.0,,,1.0,3.0,1.0,1.0,3.0,1.0,2.0,6.0,5.0,2.0,2.0,1.0,6.0,4.0
136,Female,41.0,5,,,,GA,,,,,85,65.0,,,,,,,,,,,,,,
137,Female,61.0,7,,,,,,,73.0,24.0,70,49.0,6.0,4.0,4.0,50.0,71.0,3.0,66.0,52.0,,,,,,
138,Male,32.0,3,,,,NC,,,,,,,,,,,,,,,,,,,,
139,Male,65.0,6,5.0,9.0,9.0,NY,95.0,82.0,90.0,80.0,97,85.0,1.0,1.0,1.0,1.0,1.0,0.0,1.0,5.0,1.0,4.0,1.0,1.0,1.0,4.0
140,Male,26.0,3,,,,TX,,,,,90,30.0,,,,,,,,,,,,,,
141,Male,44.0,5,1.0,2.0,1.0,OR,90.0,50.0,85.0,25.0,85,55.0,1.0,1.0,1.0,2.0,4.0,0.0,1.0,5.0,1.0,2.0,1.0,1.0,3.0,3.0
142,Male,56.0,3,,,,SC,,,,,,,,,,,,,,,,,,,,
143,Female,64.0,4,,,,OH,,,,,,,,,,,,,,,1.0,1.0,1.0,1.0,1.0,1.0
144,Male,68.0,6,5.0,9.0,9.0,CA,95.0,61.0,81.0,40.0,,,9.0,6.0,4.0,4.0,8.0,1.0,2.0,10.0,2.0,1.0,1.0,1.0,1.0,3.0
145,Female,59.0,4,2.0,2.0,5.0,IL,,,70.0,40.0,86,67.0,,,,,,,,,1.0,1.0,1.0,1.0,1.0,1.0
146,Male,73.0,5,6.0,3.0,9.0,FL,100.0,90.0,90.0,80.0,100,90.0,1.0,0.0,0.0,3.0,6.0,5.0,0.0,2.0,1.0,1.0,1.0,1.0,1.0,1.0
147,Male,42.0,5,2.0,1.0,5.0,IN,85.0,15.0,85.0,10.0,75,5.0,4.0,10.0,5.0,5.0,40.0,20.0,25.0,28.0,1.0,1.0,1.0,1.0,1.0,1.0
148,Female,33.0,2,,,,TX,,,,,70,30.0,,,,,,,,,,,,,,
149,Female,47.0,5,6.0,8.0,9.0,IA,50.0,30.0,70.0,30.0,75,0.0,85.0,40.0,60.0,50.0,65.0,10.0,10.0,25.0,,1.0,7.0,1.0,1.0,1.0
150,Male,59.0,4,4.0,5.0,5.0,,96.0,55.0,70.0,40.0,79,50.0,5.0,5.0,5.0,3.0,1.0,1.0,1.0,2.0,1.0,2.0,2.0,1.0,1.0,1.0
151,Male,52.0,5,9.0,9.0,9.0,CA,90.0,50.0,80.0,80.0,90,87.0,4.0,12.0,13.0,22.0,27.0,9.0,6.0,11.0,1.0,1.0,1.0,1.0,2.0,2.0
152,Female,64.0,2,5.0,2.0,4.0,OK,40.0,11.0,70.0,60.0,77,67.0,2.0,0.0,0.0,5.0,11.0,0.0,0.0,6.0,1.0,1.0,1.0,1.0,1.0,1.0
153,Female,45.0,3,3.0,2.0,2.0,GA,,,87.0,17.0,71,10.0,1.0,0.0,0.0,10.0,27.0,0.0,9.0,5.0,3.0,1.0,1.0,1.0,1.0,1.0
154,Male,46.0,3,,,,,,,,,,,52.0,20.0,17.0,41.0,18.0,18.0,15.0,38.0,,,,,,
155,Female,62.0,2,6.0,4.0,8.0,NE,41.0,19.0,61.0,9.0,50,24.0,19.0,7.0,9.0,8.0,28.0,3.0,29.0,5.0,1.0,1.0,1.0,1.0,1.0,1.0
156,Male,40.0,6,,,,PA,,,,,88,75.0,5.0,9.0,25.0,100.0,70.0,61.0,34.0,39.0,2.0,1.0,1.0,1.0,1.0,1.0
157,Male,28.0,6,3.0,2.0,1.0,IL,84.0,64.0,87.0,29.0,,,0.0,3.0,3.0,6.0,15.0,4.0,2.0,11.0,6.0,1.0,1.0,1.0,2.0,5.0
158,Female,68.0,3,2.0,2.0,3.0,MI,95.0,70.0,85.0,40.0,84,81.0,15.0,15.0,21.0,77.0,65.0,1.0,1.0,19.0,1.0,1.0,1.0,1.0,5.0,1.0
159,Male,20.0,3,3.0,1.0,1.0,SC,70.0,30.0,50.0,15.0,,,,,,,,,,,5.0,1.0,1.0,1.0,2.0,4.0
160,Female,59.0,3,,,,TX,,,,,,,,,,,,,,,5.0,1.0,1.0,6.0,5.0,2.0
161,Male,62.0,5,5.0,3.0,9.0,FL,81.0,61.0,,,80,60.0,2.0,5.0,5.0,5.0,20.0,1.0,2.0,11.0,1.0,1.0,1.0,1.0,6.0,3.0
162,Male,67.0,3,,,,OR,,,,,50,51.0,,,,,,,,,,,,,,
163,Female,61.0,3,4.0,2.0,7.0,,82.0,48.0,90.0,71.0,92,39.0,9.0,0.0,0.0,1.0,2.0,0.0,0.0,2.0,1.0,1.0,1.0,1.0,1.0,1.0
164,Female,62.0,3,7.0,7.0,7.0,SC,90.0,50.0,100.0,80.0,85,65.0,10.0,0.0,0.0,20.0,10.0,0.0,0.0,5.0,1.0,7.0,7.0,7.0,5.0,1.0
165,Female,41.0,5,5.0,2.0,,FL,,,93.0,50.0,82,52.0,1.0,4.0,0.0,2.0,12.0,0.0,12.0,12.0,7.0,4.0,2.0,4.0,6.0,5.0
166,Male,37.0,5,,,,IL,,,,,30,20.0,,,,,,,,,,,,,,
167,Female,57.0,5,6.0,5.0,9.0,GA,60.0,20.0,70.0,55.0,50,25.0,10.0,0.0,5.0,25.0,30.0,0.0,10.0,5.0,1.0,1.0,1.0,1.0,2.0,1.0
168,Male,58.0,5,5.0,3.0,9.0,CO,91.0,71.0,91.0,61.0,92,51.0,4.0,0.0,0.0,1.0,2.0,0.0,1.0,3.0,2.0,1.0,1.0,1.0,2.0,2.0
169,Male,69.0,5,3.0,3.0,3.0,NC,83.0,29.0,70.0,30.0,59,20.0,11.0,12.0,12.0,13.0,12.0,3.0,13.0,48.0,1.0,1.0,1.0,1.0,1.0,1.0
170,Male,58.0,5,,,,FL,,,,,,,,,,,,,,,2.0,1.0,1.0,1.0,1.0,2.0
171,Female,61.0,5,,,,SC,,,,,,,1.0,1.0,1.0,5.0,8.0,1.0,1.0,1.0,1.0,1.0,1.0,1.0,3.0,1.0
172,Male,59.0,5,5.0,4.0,9.0,IL,81.0,63.0,88.0,39.0,82,82.0,14.0,13.0,15.0,2.0,2.0,1.0,3.0,2.0,1.0,1.0,1.0,1.0,5.0,1.0
173,Female,52.0,5,,,,AZ,,,,,,,,,,,,,,,,,,,,
174,Male,50.0,3,5.0,3.0,8.0,MI,80.0,70.0,80.0,45.0,,,20.0,2.0,0.0,2.0,10.0,0.0,0.0,5.0,4.0,1.0,1.0,1.0,1.0,3.0
175,Female,49.0,5,,,,AR,,,,,,,,,,,,,,,,,,,,
176,Female,55.0,3,,,,SC,,,90.0,3.0,,,48.0,7.0,7.0,84.0,74.0,1.0,30.0,86.0,,,,,,
177,Female,74.0,5,2.0,2.0,2.0,CA,80.0,40.0,90.0,50.0,94,50.0,1.0,4.0,7.0,15.0,25.0,0.0,25.0,15.0,1.0,1.0,1.0,1.0,1.0,1.0
178,Male,40.0,3,,,,TX,,,,,,,,,,,,,,,,,,,,
179,Female,69.0,7,2.0,1.0,6.0,TN,80.0,70.0,95.0,80.0,95,80.0,1.0,1.0,1.0,1.0,1.0,0.0,1.0,1.0,1.0,2.0,3.0,1.0,7.0,1.0
180,Male,64.0,5,5.0,8.0,8.0,OH,60.0,65.0,71.0,41.0,53,53.0,4.0,1.0,1.0,11.0,23.0,13.0,4.0,4.0,5.0,4.0,2.0,2.0,3.0,1.0
181,Female,64.0,5,,,,CA,,,,,80,37.0,,,,,,,,,1.0,1.0,1.0,1.0,1.0,1.0
182,Male,38.0,4,5.0,2.0,9.0,PA,73.0,51.0,,,,,,,,,,,,,,,,,,
183,Female,58.0,3,2.0,1.0,8.0,CA,41.0,13.0,,,50,50.0,100.0,0.0,1.0,0.0,4.0,0.0,1.0,100.0,,,,,,
184,Female,46.0,4,4.0,2.0,7.0,TN,90.0,71.0,,,100,71.0,0.0,0.0,1.0,1.0,1.0,1.0,1.0,1.0,1.0,1.0,1.0,1.0,4.0,1.0
185,Male,55.0,5,7.0,7.0,9.0,PA,,,75.0,50.0,70,40.0,1.0,1.0,1.0,1.0,4.0,1.0,1.0,2.0,1.0,7.0,1.0,1.0,3.0,1.0
186,Male,73.0,2,,,,MO,4.0,4.0,10.0,10.0,20,10.0,29.0,1.0,1.0,47.0,7.0,1.0,1.0,48.0,5.0,5.0,7.0,1.0,1.0,5.0
187,Male,60.0,2,,,,TX,57.0,44.0,67.0,69.0,71,30.0,22.0,32.0,28.0,19.0,14.0,18.0,19.0,22.0,1.0,1.0,1.0,1.0,1.0,1.0
188,Female,30.0,5,5.0,3.0,9.0,CA,95.0,92.0,,,,,,,,,,,,,1.0,1.0,1.0,1.0,4.0,1.0
189,Male,37.0,5,3.0,1.0,2.0,FL,19.0,22.0,24.0,14.0,3,2.0,1.0,3.0,2.0,3.0,5.0,1.0,7.0,11.0,5.0,1.0,1.0,1.0,7.0,2.0
190,Male,52.0,6,,,,WA,,,,,,,,,,,,,,,1.0,1.0,1.0,1.0,3.0,2.0
191,Male,71.0,6,6.0,2.0,9.0,FL,71.0,60.0,,,,,1.0,1.0,1.0,3.0,3.0,0.0,1.0,5.0,1.0,1.0,1.0,1.0,3.0,2.0
192,Female,57.0,2,5.0,4.0,9.0,,51.0,55.0,70.0,35.0,,,31.0,15.0,16.0,20.0,38.0,20.0,11.0,54.0,1.0,1.0,1.0,1.0,4.0,1.0
193,Female,55.0,3,2.0,1.0,3.0,MS,90.0,45.0,95.0,70.0,80,64.0,25.0,5.0,5.0,35.0,35.0,1.0,35.0,10.0,1.0,1.0,7.0,1.0,1.0,1.0
194,Female,72.0,3,4.0,2.0,1.0,FL,,,70.0,40.0,70,30.0,5.0,2.0,2.0,5.0,5.0,0.0,1.0,2.0,1.0,1.0,2.0,1.0,6.0,1.0
195,Female,60.0,3,,,,NY,,,,,,,,,,,,,,,,,,,,
196,Female,60.0,5,2.0,2.0,3.0,FL,51.0,18.0,3.0,5.0,27,8.0,71.0,49.0,50.0,49.0,20.0,2.0,70.0,71.0,1.0,1.0,1.0,1.0,1.0,1.0
197,Female,40.0,3,1.0,1.0,2.0,LA,51.0,22.0,93.0,96.0,74,37.0,14.0,54.0,77.0,50.0,52.0,38.0,30.0,81.0,1.0,1.0,1.0,1.0,1.0,2.0
198,Female,59.0,4,2.0,1.0,3.0,NC,95.0,50.0,90.0,65.0,100,10.0,1.0,5.0,10.0,50.0,50.0,35.0,50.0,35.0,1.0,1.0,1.0,1.0,1.0,1.0
199,Male,27.0,3,4.0,3.0,9.0,CA,80.0,67.0,87.0,68.0,,,2.0,2.0,1.0,4.0,7.0,1.0,5.0,7.0,2.0,2.0,1.0,1.0,1.0,3.0
200,Male,67.0,2,4.0,7.0,9.0,WI,86.0,66.0,86.0,51.0,91,50.0,1.0,2.0,1.0,2.0,4.0,3.0,3.0,5.0,1.0,1.0,2.0,1.0,6.0,4.0
201,Male,46.0,5,,,,IN,,,,,,,,,,,,,,,1.0,1.0,1.0,1.0,1.0,1.0
202,Female,57.0,3,8.0,3.0,4.0,CA,72.0,40.0,80.0,60.0,,,18.0,20.0,4.0,14.0,22.0,0.0,7.0,17.0,5.0,1.0,1.0,1.0,7.0,1.0
203,Male,22.0,5,,,,WA,,,,,,,,,,,,,,,,,,,,
204,Female,61.0,6,7.0,2.0,9.0,TX,91.0,50.0,81.0,50.0,85,64.0,2.0,3.0,3.0,3.0,25.0,0.0,5.0,6.0,1.0,1.0,1.0,1.0,2.0,2.0
205,Male,39.0,5,,,,IN,,,,,,,,,,,,,,,6.0,6.0,1.0,1.0,5.0,7.0
206,Female,54.0,5,4.0,2.0,2.0,MD,82.0,2.0,71.0,2.0,,,52.0,88.0,74.0,40.0,64.0,4.0,51.0,30.0,,,,,,
207,Female,54.0,3,,,,IN,,,,,50,20.0,7.0,1.0,1.0,25.0,50.0,2.0,3.0,3.0,3.0,1.0,1.0,6.0,6.0,1.0
208,Female,41.0,3,2.0,1.0,1.0,KY,82.0,62.0,,,82,51.0,24.0,6.0,9.0,38.0,64.0,4.0,9.0,54.0,1.0,1.0,1.0,1.0,4.0,2.0
209,Male,50.0,3,,,,AZ,95.0,68.0,,,,,1.0,4.0,4.0,3.0,9.0,0.0,1.0,8.0,5.0,6.0,2.0,1.0,7.0,7.0
210,Female,77.0,4,,,,CA,,,,,,,,,,,,,,,,,,,,
211,Female,77.0,4,,,,,,,,,,,,,,,,,,,,,,,,
212,Female,66.0,3,6.0,5.0,,IL,58.0,22.0,25.0,15.0,,,,,,,,,,,1.0,6.0,1.0,2.0,4.0,1.0
213,Female,64.0,5,5.0,5.0,9.0,,75.0,70.0,79.0,68.0,,,2.0,5.0,5.0,2.0,1.0,0.0,2.0,22.0,3.0,2.0,1.0,1.0,2.0,2.0
214,Female,70.0,6,,,,,,,,,50,40.0,20.0,10.0,5.0,3.0,1.0,0.0,1.0,1.0,1.0,1.0,1.0,1.0,1.0,1.0
215,Other,27.0,1,1.0,1.0,1.0,OH,,,,,,,,,,,,,,,,,,,,
216,Male,71.0,4,7.0,2.0,5.0,CA,100.0,10.0,,,,,0.0,0.0,0.0,0.0,0.0,0.0,0.0,0.0,1.0,1.0,1.0,1.0,1.0,1.0
217,Female,49.0,4,3.0,1.0,3.0,TX,30.0,2.0,50.0,51.0,61,21.0,10.0,2.0,3.0,2.0,3.0,0.0,1.0,1.0,1.0,1.0,1.0,1.0,1.0,1.0
218,Female,23.0,4,,,,TX,,,,,,,,,,,,,,,,,,,,
219,Male,57.0,5,5.0,2.0,2.0,CA,52.0,56.0,61.0,65.0,67,71.0,5.0,5.0,5.0,5.0,6.0,6.0,7.0,7.0,1.0,1.0,1.0,1.0,1.0,1.0
220,Female,55.0,3,1.0,1.0,1.0,WA,50.0,30.0,80.0,0.0,50,50.0,80.0,25.0,2.0,2.0,8.0,,,,,,,,,
221,Female,66.0,6,6.0,2.0,9.0,MI,85.0,60.0,,,,,,,,,,,,,2.0,4.0,2.0,1.0,1.0,2.0
222,Female,53.0,5,4.0,4.0,8.0,WA,100.0,90.0,,,100,35.0,3.0,0.0,0.0,2.0,3.0,1.0,1.0,5.0,1.0,1.0,1.0,1.0,3.0,2.0
223,Female,41.0,5,2.0,1.0,2.0,TX,91.0,71.0,86.0,65.0,86,63.0,,,,,,,,,,,,,,
224,Female,50.0,4,5.0,3.0,3.0,IL,,,91.0,60.0,93,81.0,1.0,1.0,1.0,1.0,10.0,0.0,1.0,5.0,1.0,1.0,1.0,1.0,1.0,1.0
225,Female,64.0,3,6.0,,,WA,,,,,,,,,,,,,,,1.0,1.0,1.0,1.0,1.0,1.0
226,Female,64.0,4,6.0,,,OH,100.0,88.0,,,100,100.0,10.0,0.0,0.0,3.0,5.0,0.0,0.0,3.0,1.0,1.0,1.0,1.0,7.0,1.0
227,Male,54.0,5,,,,NY,91.0,19.0,85.0,70.0,71,55.0,5.0,6.0,4.0,20.0,41.0,2.0,6.0,23.0,1.0,7.0,4.0,1.0,6.0,1.0
228,Female,54.0,5,4.0,1.0,9.0,CA,90.0,81.0,91.0,70.0,90,80.0,70.0,30.0,10.0,11.0,40.0,1.0,20.0,30.0,1.0,1.0,1.0,1.0,1.0,1.0
229,Male,60.0,3,1.0,1.0,8.0,MI,51.0,30.0,49.0,40.0,50,19.0,20.0,18.0,10.0,10.0,5.0,0.0,4.0,5.0,1.0,1.0,1.0,1.0,1.0,1.0
230,Female,32.0,5,4.0,4.0,4.0,WI,70.0,15.0,75.0,20.0,,,5.0,10.0,5.0,15.0,15.0,0.0,10.0,5.0,2.0,2.0,1.0,1.0,1.0,2.0
231,Female,68.0,5,2.0,,,OR,100.0,50.0,100.0,80.0,100,50.0,10.0,2.0,2.0,3.0,2.0,2.0,10.0,5.0,1.0,1.0,1.0,1.0,5.0,1.0
232,Male,52.0,7,9.0,9.0,9.0,WI,100.0,3.0,,,,,,,,,,,,,1.0,1.0,1.0,1.0,1.0,1.0
233,Male,69.0,5,,,,FL,,,,,,,,,,,,,,,6.0,2.0,1.0,1.0,6.0,6.0
234,Female,36.0,3,,,,OH,,,,,,,,,,,,,,,,,,,,
235,Male,43.0,5,,,,,,,,,,,,,,,,,,,3.0,5.0,1.0,1.0,6.0,6.0
236,Male,24.0,3,,,,IL,,,,,,,3.0,6.0,2.0,10.0,5.0,10.0,10.0,15.0,3.0,2.0,2.0,2.0,4.0,1.0
237,Female,56.0,5,5.0,9.0,9.0,CA,80.0,40.0,100.0,60.0,70,5.0,1.0,1.0,1.0,1.0,6.0,0.0,3.0,1.0,1.0,1.0,1.0,1.0,1.0,1.0
238,Male,30.0,3,,,,SC,,,,,,,,,,,,,,,1.0,3.0,2.0,1.0,6.0,3.0
239,Female,55.0,5,6.0,3.0,4.0,TX,81.0,71.0,71.0,40.0,81,49.0,30.0,10.0,1.0,10.0,5.0,0.0,0.0,5.0,1.0,1.0,1.0,1.0,1.0,1.0
240,Female,38.0,5,,,,NY,,,,,76,33.0,5.0,6.0,4.0,3.0,4.0,0.0,2.0,8.0,4.0,1.0,1.0,1.0,1.0,1.0
241,Female,67.0,3,3.0,,9.0,FL,50.0,50.0,95.0,50.0,90,50.0,50.0,1.0,1.0,50.0,50.0,0.0,50.0,50.0,1.0,1.0,1.0,1.0,7.0,1.0
242,Female,58.0,5,7.0,3.0,9.0,NY,81.0,65.0,75.0,59.0,71,48.0,1.0,1.0,1.0,1.0,1.0,2.0,1.0,1.0,1.0,4.0,1.0,1.0,2.0,2.0
243,Female,61.0,5,7.0,7.0,9.0,TN,87.0,80.0,94.0,85.0,92,73.0,2.0,1.0,1.0,10.0,8.0,1.0,5.0,6.0,1.0,1.0,1.0,1.0,1.0,1.0
244,Male,76.0,6,5.0,3.0,9.0,,92.0,60.0,77.0,9.0,92,62.0,13.0,8.0,4.0,4.0,12.0,0.0,7.0,20.0,1.0,1.0,1.0,1.0,1.0,1.0
245,Male,49.0,5,7.0,9.0,9.0,CA,71.0,51.0,46.0,23.0,44,26.0,31.0,60.0,5.0,13.0,16.0,2.0,9.0,21.0,1.0,1.0,4.0,1.0,5.0,1.0
246,Male,49.0,5,6.0,4.0,9.0,,,,,,85,10.0,2.0,7.0,6.0,8.0,20.0,5.0,3.0,5.0,1.0,6.0,1.0,1.0,2.0,2.0
247,Male,69.0,6,,,,IN,92.0,19.0,90.0,70.0,90,60.0,19.0,13.0,13.0,5.0,40.0,5.0,2.0,7.0,1.0,1.0,1.0,1.0,1.0,1.0
248,Male,58.0,6,6.0,3.0,9.0,CA,85.0,71.0,73.0,52.0,91,64.0,3.0,3.0,4.0,5.0,19.0,4.0,4.0,3.0,3.0,3.0,3.0,4.0,2.0,2.0
249,Female,51.0,3,,,,CA,100.0,100.0,,,,,1.0,1.0,1.0,1.0,1.0,1.0,1.0,1.0,1.0,1.0,1.0,1.0,1.0,1.0
250,Male,54.0,4,7.0,2.0,4.0,FL,100.0,100.0,100.0,100.0,100,100.0,0.0,0.0,0.0,0.0,0.0,0.0,0.0,0.0,1.0,1.0,1.0,1.0,1.0,1.0
251,Male,35.0,5,6.0,7.0,9.0,TX,,,,,28,8.0,15.0,17.0,16.0,26.0,60.0,15.0,16.0,36.0,,,,,,
252,Female,30.0,6,6.0,4.0,9.0,CA,,,,,,,,,,,,,,,1.0,1.0,1.0,1.0,1.0,1.0
253,Female,58.0,3,3.0,3.0,3.0,NV,30.0,19.0,40.0,10.0,25,14.0,40.0,1.0,1.0,10.0,15.0,1.0,3.0,61.0,1.0,2.0,1.0,1.0,1.0,2.0
254,Male,63.0,3,,,,MI,,,,,,,,,,,,,,,1.0,1.0,1.0,1.0,2.0,3.0
255,Female,54.0,3,4.0,2.0,7.0,AZ,93.0,90.0,92.0,71.0,81,62.0,10.0,0.0,10.0,17.0,61.0,1.0,30.0,8.0,1.0,1.0,1.0,1.0,1.0,1.0
256,Female,58.0,2,5.0,5.0,9.0,KY,80.0,50.0,98.0,50.0,74,40.0,20.0,4.0,4.0,4.0,17.0,16.0,6.0,18.0,1.0,1.0,1.0,1.0,1.0,1.0
257,Male,60.0,5,6.0,3.0,9.0,FL,41.0,19.0,81.0,41.0,85,36.0,16.0,8.0,2.0,1.0,20.0,3.0,1.0,1.0,1.0,1.0,2.0,1.0,6.0,1.0
258,Male,68.0,2,,,,FL,,,,,,,,,,,,,,,5.0,5.0,7.0,6.0,5.0,6.0
259,Male,54.0,4,4.0,2.0,6.0,NC,20.0,10.0,50.0,50.0,50,10.0,80.0,50.0,10.0,50.0,50.0,0.0,10.0,90.0,1.0,1.0,1.0,1.0,1.0,7.0
260,Female,60.0,5,5.0,3.0,8.0,MO,86.0,51.0,85.0,22.0,81,22.0,33.0,32.0,7.0,8.0,46.0,2.0,4.0,6.0,1.0,1.0,1.0,1.0,1.0,2.0
261,Female,51.0,3,3.0,3.0,6.0,NY,70.0,40.0,90.0,10.0,75,50.0,5.0,3.0,2.0,5.0,5.0,5.0,5.0,10.0,1.0,1.0,1.0,1.0,2.0,1.0
262,Female,42.0,3,4.0,1.0,4.0,LA,18.0,18.0,50.0,50.0, ,50.0,7.0,27.0,50.0,50.0,59.0,5.0,61.0,35.0,5.0,3.0,7.0,3.0,5.0,1.0
263,Female,67.0,6,,,,TN,97.0,71.0,100.0,82.0,,,20.0,11.0,12.0,11.0,30.0,3.0,5.0,3.0,1.0,1.0,1.0,1.0,1.0,1.0
264,Male,54.0,5,5.0,3.0,9.0,LA,60.0,30.0,70.0,29.0,81,40.0,2.0,4.0,2.0,4.0,2.0,1.0,1.0,1.0,1.0,1.0,1.0,1.0,1.0,1.0
265,Female,42.0,6,,,,IL,,,,,,,,,,,,,,,,,,,,
266,Male,69.0,5,1.0,2.0,2.0,,,,,,,,4.0,2.0,3.0,19.0,16.0,15.0,11.0,7.0,2.0,4.0,3.0,1.0,5.0,2.0
267,Female,44.0,6,7.0,3.0,9.0,TX,85.0,70.0,80.0,70.0,85,70.0,2.0,1.0,1.0,2.0,5.0,0.0,1.0,1.0,1.0,1.0,1.0,1.0,1.0,2.0
268,Female,41.0,7,7.0,4.0,9.0,CA,81.0,50.0,80.0,50.0,,,5.0,5.0,5.0,5.0,50.0,5.0,5.0,5.0,6.0,1.0,1.0,1.0,2.0,1.0
269,Female,63.0,2,2.0,2.0,4.0,FL,100.0,100.0,100.0,90.0,100,62.0,1.0,1.0,1.0,0.0,5.0,1.0,1.0,0.0,1.0,1.0,1.0,1.0,6.0,1.0
270,Female,63.0,2,2.0,2.0,4.0,FL,100.0,100.0,100.0,90.0,100,62.0,1.0,1.0,1.0,0.0,5.0,1.0,1.0,0.0,1.0,1.0,1.0,1.0,6.0,1.0
271,Female,44.0,6,,,,VA,,,,,,,,,,,,,,,1.0,1.0,1.0,1.0,5.0,2.0
272,Female,24.0,5,1.0,1.0,1.0,NY,92.0,70.0,,,,,1.0,1.0,9.0,15.0,31.0,5.0,10.0,4.0,7.0,1.0,1.0,1.0,1.0,6.0
273,Female,44.0,3,,,,PA,,,82.0,51.0,,,10.0,20.0,20.0,5.0,51.0,25.0,12.0,4.0,1.0,1.0,1.0,1.0,1.0,4.0
274,Male,77.0,3,5.0,2.0,9.0,TX,100.0,70.0,88.0,84.0,96,92.0,15.0,4.0,3.0,13.0,14.0,0.0,2.0,8.0,1.0,2.0,1.0,1.0,2.0,2.0
275,Female,47.0,3,,,,NY,75.0,70.0,,,71,30.0,,,,,,,,,1.0,1.0,1.0,1.0,1.0,1.0
276,Female,51.0,5,2.0,1.0,1.0,OH,90.0,90.0,71.0,9.0,82,60.0,40.0,1.0,1.0,68.0,5.0,1.0,3.0,5.0,1.0,2.0,1.0,1.0,4.0,4.0
277,Female,43.0,3,4.0,1.0,1.0,OR,85.0,0.0,80.0,55.0,85,0.0,1.0,1.0,1.0,2.0,2.0,1.0,15.0,1.0,1.0,4.0,1.0,1.0,7.0,1.0
278,Female,43.0,3,,,,AR,,,,,,,,,,,,,,,,,,,,
279,Female,65.0,3,4.0,,9.0,DC,90.0,78.0,80.0,30.0,95,65.0,35.0,1.0,0.0,0.0,1.0,,,,1.0,1.0,1.0,1.0,1.0,1.0
280,Female,50.0,7,7.0,3.0,8.0,FL,90.0,80.0,100.0,91.0,100,81.0,1.0,1.0,0.0,12.0,2.0,1.0,0.0,1.0,1.0,1.0,1.0,1.0,1.0,1.0
281,Female,33.0,5,6.0,,,,85.0,75.0,95.0,85.0,90,60.0,0.0,0.0,0.0,0.0,1.0,0.0,0.0,1.0,1.0,6.0,1.0,1.0,5.0,2.0
282,Female,54.0,6,,,,TX,,,,,,,,,,,,,,,1.0,1.0,1.0,1.0,1.0,1.0
283,Female,50.0,3,2.0,1.0,6.0,WV,30.0,10.0,80.0,60.0,70,50.0,28.0,32.0,57.0,15.0,55.0,7.0,16.0,19.0,1.0,4.0,2.0,1.0,3.0,4.0
284,Female,51.0,2,5.0,3.0,,MI,81.0,65.0,95.0,60.0,95,50.0,,,,,,,,,1.0,1.0,1.0,2.0,1.0,1.0
285,Female,74.0,5,,,,WI,,,95.0,75.0,90,70.0,50.0,1.0,1.0,30.0,30.0,0.0,20.0,20.0,1.0,1.0,1.0,1.0,2.0,1.0
286,Male,28.0,3,,,,MN,,,,,80,40.0,,,,,,,,,1.0,5.0,2.0,1.0,1.0,1.0
287,Male,61.0,6,,,,AL,,,,,,,,,,,,,,,1.0,1.0,2.0,1.0,2.0,1.0
288,Female,24.0,2,1.0,2.0,2.0,NY,90.0,0.0,90.0,0.0,90,0.0,0.0,2.0,1.0,5.0,2.0,2.0,1.0,1.0,1.0,1.0,1.0,1.0,3.0,1.0
289,Female,61.0,4,,,,NY,38.0,21.0,71.0,69.0,,,,,,,,,,,,,,,,
290,Female,54.0,3,,,,NY,,,,,,,,,,,,,,,1.0,1.0,1.0,1.0,4.0,1.0
291,Female,39.0,6,7.0,4.0,9.0,FL,,,85.0,55.0,95,69.0,,,,,,,,,1.0,1.0,1.0,1.0,1.0,1.0
292,Male,23.0,3,5.0,,,KY,,,,,,,,,,,,,,,1.0,1.0,3.0,1.0,4.0,3.0
293,Male,51.0,3,2.0,3.0,5.0,FL,81.0,50.0,84.0,74.0,59,11.0,3.0,3.0,2.0,5.0,12.0,1.0,4.0,6.0,1.0,3.0,1.0,1.0,1.0,3.0
294,Male,59.0,4,,,,AZ,,,,,,,,,,,,,,,4.0,5.0,6.0,3.0,7.0,4.0
295,Female,32.0,5,,,,OK,,,,,,,,,,,,,,,,,,,,
296,Female,61.0,5,6.0,4.0,,NC,82.0,69.0,,,,,,,,,,,,,1.0,1.0,1.0,1.0,2.0,2.0
297,Female,42.0,3,,,,TX,,,,,,,,,,,,,,,,,,,,
298,Male,70.0,7,6.0,9.0,9.0,PA,,,,,,,,,,,,,,,2.0,1.0,1.0,1.0,1.0,2.0
299,Female,70.0,4,6.0,,,,90.0,59.0,100.0,86.0,100,60.0,40.0,10.0,10.0,10.0,10.0,0.0,1.0,15.0,1.0,1.0,1.0,1.0,1.0,1.0
300,Female,55.0,5,7.0,6.0,6.0,,91.0,9.0,94.0,50.0,92,92.0,40.0,20.0,10.0,11.0,20.0,6.0,6.0,24.0,1.0,1.0,1.0,1.0,1.0,1.0
301,Female,42.0,3,,,,KS,,,,,,,16.0,2.0,2.0,4.0,33.0,15.0,25.0,22.0,,,,,,
302,Female,62.0,3,1.0,1.0,2.0,TX,8.0,8.0,9.0,8.0,40,30.0,5.0,20.0,20.0,10.0,45.0,0.0,4.0,8.0,4.0,2.0,1.0,1.0,6.0,2.0
303,Male,34.0,5,,,,GA,,,,,,,,,,,,,,,1.0,1.0,1.0,1.0,4.0,2.0
304,Male,26.0,5,2.0,4.0,4.0,CA,,,,,,,,,,,,,,,1.0,1.0,1.0,1.0,1.0,1.0
305,Male,74.0,5,2.0,1.0,1.0,,90.0,50.0,91.0,70.0,91,90.0,25.0,9.0,1.0,2.0,25.0,2.0,2.0,2.0,1.0,1.0,1.0,1.0,1.0,4.0
306,Male,50.0,5,1.0,,,OK,,,,,,,,,,,,,,,1.0,1.0,1.0,1.0,6.0,6.0
307,Male,37.0,6,,,,MN,,,,,,,,,,,,,,,,,,,,
308,Female,24.0,6,,,,OH,,,,,,,,,,,,,,,,,,,,
309,Male,20.0,3,3.0,3.0,3.0,OR,75.0,31.0,62.0,53.0,82,62.0,0.0,1.0,1.0,1.0,3.0,1.0,1.0,14.0,2.0,1.0,1.0,1.0,1.0,2.0
310,Female,62.0,3,4.0,2.0,8.0,FL,95.0,75.0,95.0,85.0,90,75.0,3.0,0.0,0.0,2.0,20.0,0.0,0.0,0.0,1.0,1.0,1.0,1.0,1.0,1.0
311,Male,41.0,6,9.0,9.0,9.0,AZ,75.0,82.0,75.0,66.0,,,70.0,17.0,16.0,11.0,12.0,13.0,12.0,19.0,1.0,1.0,1.0,1.0,1.0,1.0
312,Male,71.0,5,4.0,7.0,7.0,TX,95.0,50.0,95.0,85.0,97,95.0,0.0,0.0,0.0,0.0,1.0,0.0,0.0,0.0,1.0,5.0,1.0,7.0,7.0,2.0
313,Female,57.0,3,3.0,1.0,4.0,MS,50.0,47.0,51.0,44.0,53,53.0,19.0,6.0,6.0,5.0,5.0,5.0,5.0,5.0,1.0,1.0,5.0,1.0,1.0,3.0
314,Female,57.0,4,5.0,9.0,9.0,MD,90.0,60.0,70.0,70.0,81,70.0,10.0,0.0,0.0,20.0,19.0,0.0,0.0,20.0,1.0,1.0,1.0,1.0,1.0,1.0
315,Male,67.0,3,5.0,2.0,2.0,MS,57.0,45.0,65.0,57.0,70,60.0,10.0,0.0,0.0,5.0,9.0,0.0,1.0,7.0,1.0,1.0,1.0,1.0,1.0,1.0
316,Female,63.0,3,3.0,1.0,5.0,IL,91.0,68.0,100.0,30.0,100,0.0,0.0,5.0,10.0,5.0,1.0,0.0,1.0,0.0,1.0,1.0,1.0,1.0,4.0,4.0
317,Male,45.0,2,,,,OH,,,,,61,27.0,,,,,,,,,,,,,,
318,Female,55.0,5,4.0,,,NC,52.0,51.0,95.0,48.0,71,72.0,1.0,1.0,1.0,1.0,5.0,1.0,5.0,1.0,3.0,2.0,2.0,1.0,6.0,4.0
319,Male,29.0,4,,,,TX,,,,,,,,,,,,,,,1.0,1.0,1.0,1.0,1.0,1.0
320,Male,59.0,5,4.0,3.0,3.0,OK,72.0,50.0,41.0,20.0,50,40.0,2.0,5.0,5.0,4.0,5.0,0.0,1.0,8.0,4.0,4.0,2.0,1.0,6.0,5.0
321,Female,55.0,2,,,,OH,,,,,90,10.0,81.0,21.0,8.0,75.0,50.0,0.0,0.0,25.0,,,,,,
322,Female,65.0,5,6.0,2.0,9.0,FL,91.0,86.0,93.0,72.0,92,51.0,20.0,9.0,6.0,43.0,43.0,7.0,56.0,64.0,1.0,1.0,1.0,1.0,3.0,2.0
323,Female,24.0,6,3.0,2.0,3.0,VA,,,,,,,,,,,,,,,2.0,2.0,1.0,1.0,1.0,2.0
324,Female,72.0,6,,,,OK,,,99.0,90.0,94,65.0,20.0,2.0,2.0,100.0,25.0,15.0,57.0,15.0,1.0,1.0,1.0,1.0,1.0,1.0
325,Male,61.0,7,9.0,,,GA,,,,,90,75.0,,,,,,,,,,,,,,
326,Male,40.0,5,8.0,,,,60.0,62.0,,,75,65.0,3.0,4.0,5.0,10.0,9.0,1.0,6.0,6.0,5.0,2.0,2.0,2.0,5.0,5.0
327,Female,60.0,2,6.0,9.0,9.0,FL,75.0,75.0,90.0,90.0,80,50.0,0.0,0.0,0.0,0.0,20.0,0.0,0.0,50.0,1.0,1.0,,1.0,1.0,1.0
328,Female,33.0,5,,,,WV,92.0,96.0,61.0,40.0,54,58.0,51.0,13.0,1.0,0.0,10.0,0.0,3.0,0.0,1.0,1.0,1.0,1.0,4.0,2.0
329,Male,61.0,4,5.0,2.0,9.0,CA,70.0,60.0,75.0,40.0,70,70.0,2.0,0.0,0.0,6.0,9.0,0.0,0.0,1.0,1.0,6.0,2.0,1.0,3.0,1.0
330,Female,35.0,2,1.0,2.0,1.0,MO,80.0,70.0,,,,,,,,,,,,,1.0,1.0,1.0,1.0,1.0,1.0
331,Female,51.0,2,,,,PA,53.0,50.0,81.0,50.0,50,50.0,51.0,51.0,30.0,60.0,52.0,0.0,31.0,53.0,1.0,1.0,1.0,1.0,2.0,1.0
332,Female,42.0,2,1.0,2.0,1.0,DE,65.0,43.0,,,30,10.0,51.0,0.0,0.0,0.0,51.0,0.0,52.0,51.0,2.0,7.0,1.0,1.0,5.0,1.0
333,Male,49.0,4,,,,TX,,,,,,,,,,,,,,,1.0,2.0,1.0,2.0,2.0,2.0
334,Female,57.0,4,,,,AZ,,,,,,,,,,,,,,,,,,,,
335,Female,44.0,6,,,,NY,,,,,,,,,,,,,,,1.0,1.0,1.0,1.0,1.0,1.0
336,Female,40.0,3,,,,LA,81.0,75.0,,,89,84.0,11.0,1.0,2.0,2.0,1.0,2.0,1.0,7.0,2.0,3.0,3.0,1.0,1.0,2.0
337,Female,26.0,5,,,,FL,,,,,,,,,,,,,,,,,,,,
338,Female,58.0,6,5.0,3.0,7.0,CA,90.0,50.0,,,,,,,,,,,,,2.0,1.0,1.0,2.0,2.0,1.0
339,Female,69.0,4,,,,TN,,,,,,,,,,,,,,,1.0,1.0,1.0,1.0,1.0,1.0
340,Female,68.0,6,2.0,1.0,1.0,CO,,,,,,,,,,,,,,,1.0,1.0,1.0,1.0,4.0,4.0
341,Female,35.0,7,,,,CA,,,,,,,,,,,,,,,7.0,7.0,7.0,7.0,7.0,7.0
342,Male,32.0,5,3.0,2.0,3.0,OR,80.0,38.0,90.0,50.0,78,33.0,5.0,16.0,6.0,11.0,12.0,1.0,10.0,8.0,3.0,5.0,2.0,2.0,3.0,4.0
343,Male,58.0,5,6.0,4.0,9.0,NM,95.0,90.0,100.0,70.0,100,90.0,21.0,10.0,1.0,1.0,1.0,1.0,1.0,10.0,1.0,7.0,1.0,1.0,7.0,6.0
344,Female,29.0,3,1.0,1.0,1.0,NC,50.0,50.0,50.0,50.0,85,90.0,5.0,0.0,0.0,20.0,50.0,0.0,30.0,50.0,1.0,1.0,1.0,1.0,7.0,6.0
345,Male,31.0,7,7.0,9.0,9.0,NY,80.0,60.0,90.0,50.0,89,60.0,3.0,2.0,1.0,2.0,3.0,1.0,3.0,2.0,4.0,6.0,3.0,2.0,5.0,1.0
346,Male,70.0,3,4.0,3.0,6.0,WA,81.0,72.0,100.0,86.0,85,71.0,5.0,1.0,1.0,1.0,2.0,0.0,1.0,6.0,1.0,1.0,3.0,1.0,3.0,3.0
347,Male,61.0,6,6.0,1.0,8.0,AZ,95.0,85.0,,,,,1.0,1.0,1.0,1.0,1.0,2.0,1.0,2.0,1.0,4.0,5.0,2.0,1.0,3.0
348,Female,68.0,3,2.0,3.0,6.0,PA,97.0,81.0,,,,,,,,,,,,,1.0,1.0,1.0,1.0,1.0,1.0
349,Female,67.0,3,4.0,2.0,4.0,SC,100.0,100.0,94.0,97.0,100,100.0,1.0,0.0,0.0,2.0,1.0,0.0,1.0,1.0,1.0,1.0,1.0,1.0,2.0,1.0
350,Female,64.0,6,2.0,1.0,2.0,TX,,,,,90,40.0,1.0,20.0,20.0,60.0,90.0,0.0,40.0,10.0,1.0,1.0,4.0,1.0,2.0,1.0
351,Male,63.0,3,7.0,2.0,2.0,NY,75.0,35.0,85.0,60.0,,,19.0,5.0,2.0,1.0,5.0,0.0,2.0,6.0,1.0,2.0,1.0,1.0,2.0,1.0
352,Female,62.0,3,,,,NY,,,,,,,10.0,10.0,10.0,10.0,20.0,0.0,10.0,20.0,5.0,1.0,3.0,1.0,3.0,3.0
353,Male,69.0,5,7.0,9.0,9.0,NY,40.0,25.0,80.0,50.0,70,60.0,,,,,,,,,2.0,1.0,1.0,1.0,1.0,2.0
354,Female,76.0,6,1.0,1.0,1.0,OH,95.0,65.0,100.0,25.0,100,10.0,80.0,70.0,60.0,30.0,35.0,0.0,10.0,5.0,1.0,1.0,1.0,1.0,2.0,1.0
355,Female,58.0,6,6.0,2.0,7.0,NY,100.0,49.0,92.0,83.0,93,78.0,3.0,4.0,3.0,7.0,9.0,0.0,2.0,20.0,1.0,1.0,1.0,1.0,1.0,1.0
356,Female,72.0,6,3.0,9.0,9.0,NY,62.0,22.0,92.0,19.0,87,66.0,13.0,7.0,9.0,6.0,4.0,3.0,2.0,52.0,1.0,1.0,1.0,1.0,1.0,1.0
357,Female,52.0,6,9.0,3.0,9.0,MD,100.0,50.0,100.0,71.0,90,19.0,10.0,0.0,0.0,8.0,9.0,0.0,2.0,25.0,2.0,1.0,1.0,1.0,1.0,1.0
358,Male,51.0,3,3.0,2.0,3.0,NV,60.0,50.0,50.0,50.0,95,45.0,10.0,15.0,5.0,33.0,33.0,38.0,5.0,10.0,1.0,6.0,2.0,1.0,7.0,4.0
359,Female,63.0,5,4.0,4.0,6.0,TX,92.0,10.0,100.0,50.0,100,71.0,100.0,100.0,,23.0,24.0,1.0,5.0,100.0,1.0,1.0,1.0,1.0,1.0,1.0
360,Female,73.0,4,,,,,,,,,,,,,,,,,,,1.0,1.0,1.0,1.0,1.0,1.0
361,Female,35.0,5,,,,NY,97.0,92.0,94.0,82.0,100,91.0,0.0,5.0,5.0,1.0,8.0,0.0,4.0,22.0,1.0,7.0,1.0,1.0,1.0,1.0
362,Male,75.0,6,3.0,2.0,5.0,,71.0,39.0,76.0,24.0,61,44.0,60.0,9.0,0.0,19.0,4.0,0.0,2.0,6.0,2.0,2.0,1.0,1.0,5.0,2.0
363,Male,69.0,5,8.0,9.0,9.0,MD,91.0,80.0,100.0,90.0,100,90.0,50.0,10.0,33.0,7.0,21.0,0.0,1.0,12.0,1.0,1.0,1.0,1.0,4.0,4.0
364,Male,44.0,3,6.0,4.0,9.0,CA,50.0,35.0,90.0,15.0,51,20.0,1.0,1.0,1.0,2.0,30.0,0.0,2.0,30.0,5.0,7.0,1.0,1.0,5.0,2.0
365,Male,58.0,3,2.0,3.0,9.0,ID,8.0,8.0,1.0,0.0,24,3.0,1.0,1.0,1.0,18.0,7.0,1.0,1.0,1.0,,,,,,
366,Female,52.0,5,,,,FL,,,,,,,,,,,,,,,1.0,4.0,1.0,1.0,2.0,1.0
367,Male,68.0,2,2.0,1.0,2.0,KY,81.0,50.0,45.0,15.0,75,39.0,19.0,2.0,1.0,24.0,24.0,0.0,0.0,28.0,1.0,6.0,1.0,7.0,2.0,1.0
368,Male,75.0,7,,,,,,,,,,,,,,,,,,,1.0,1.0,1.0,1.0,1.0,2.0
369,Female,67.0,6,6.0,3.0,9.0,MI,,,,,71,51.0,1.0,0.0,0.0,1.0,2.0,0.0,1.0,4.0,2.0,1.0,1.0,1.0,3.0,1.0
370,Female,60.0,6,7.0,,,OH,85.0,65.0,95.0,74.0,95,71.0,3.0,20.0,1.0,1.0,20.0,1.0,1.0,20.0,1.0,1.0,1.0,1.0,1.0,1.0
371,Female,54.0,5,6.0,7.0,9.0,OH,70.0,50.0,100.0,50.0,70,60.0,2.0,1.0,1.0,1.0,1.0,1.0,1.0,1.0,1.0,1.0,1.0,1.0,1.0,1.0
372,Male,69.0,5,,,,MO,,,,,,,,,,,,,,,1.0,1.0,1.0,1.0,1.0,1.0
373,Male,72.0,5,4.0,6.0,9.0,WI,80.0,80.0,75.0,49.0,90,50.0,10.0,10.0,10.0,2.0,7.0,1.0,50.0,10.0,1.0,1.0,1.0,1.0,1.0,4.0
374,Female,59.0,7,1.0,4.0,8.0,SC,100.0,5.0,90.0,10.0,100,40.0,25.0,6.0,15.0,10.0,40.0,40.0,15.0,15.0,1.0,1.0,1.0,1.0,3.0,2.0
375,Female,53.0,5,,,,GA,,,,,,,,,,,,,,,,,,,,
376,Female,40.0,3,1.0,1.0,1.0,NV,,,,,,,23.0,7.0,14.0,10.0,12.0,14.0,27.0,19.0,1.0,1.0,1.0,1.0,1.0,6.0
377,Male,27.0,6,,,,PA,,,,,,,,,,,,,,,1.0,1.0,1.0,1.0,1.0,3.0
378,Male,54.0,5,6.0,3.0,4.0,TX,50.0,50.0,80.0,80.0,70,70.0,0.0,0.0,0.0,5.0,5.0,0.0,10.0,5.0,1.0,1.0,1.0,1.0,1.0,1.0
379,Male,24.0,6,6.0,3.0,5.0,OK,95.0,60.0,90.0,30.0,95,65.0,5.0,2.0,3.0,10.0,5.0,2.0,3.0,3.0,1.0,3.0,1.0,1.0,5.0,2.0
380,Male,51.0,5,5.0,1.0,5.0,WA,,,85.0,40.0,88,31.0,,,,,,,,,1.0,2.0,2.0,1.0,2.0,3.0
381,Female,48.0,3,,,,TX,,,,,,,,,,,,,,,,,,,,
382,Female,38.0,4,5.0,2.0,7.0,MI,71.0,30.0,72.0,50.0,75,50.0,0.0,2.0,1.0,2.0,2.0,0.0,1.0,1.0,1.0,7.0,1.0,1.0,3.0,3.0
383,Male,72.0,5,2.0,1.0,8.0,MO,92.0,77.0,86.0,79.0,89,85.0,5.0,4.0,5.0,23.0,19.0,2.0,20.0,3.0,1.0,1.0,3.0,2.0,1.0,1.0
384,Female,63.0,4,6.0,3.0,9.0,MI,95.0,65.0,90.0,80.0,100,80.0,,,,,,,,,1.0,1.0,1.0,1.0,4.0,1.0
385,Male,21.0,2,,,,IN,,,,,,,29.0,38.0,19.0,44.0,18.0,43.0,16.0,81.0,1.0,1.0,1.0,1.0,3.0,4.0
386,Male,55.0,2,3.0,1.0,1.0,FL,,,,,,,,,,,,,,,5.0,7.0,4.0,4.0,7.0,7.0
387,Female,51.0,6,2.0,,,VA,35.0,21.0,,,,,55.0,47.0,47.0,87.0,86.0,15.0,34.0,50.0,2.0,1.0,7.0,1.0,6.0,3.0
388,Male,59.0,6,6.0,2.0,7.0,NC,61.0,61.0,71.0,55.0,81,40.0,9.0,4.0,4.0,25.0,36.0,9.0,7.0,9.0,1.0,1.0,1.0,1.0,6.0,1.0
389,Female,34.0,5,7.0,4.0,9.0,CA,95.0,15.0,,,,,2.0,10.0,5.0,10.0,10.0,0.0,10.0,5.0,1.0,1.0,1.0,1.0,1.0,1.0
390,Female,56.0,6,5.0,9.0,9.0,MI,76.0,50.0,71.0,10.0,71,19.0,1.0,2.0,1.0,1.0,2.0,0.0,2.0,2.0,1.0,1.0,1.0,1.0,1.0,1.0
391,Male,63.0,5,4.0,3.0,3.0,GA,21.0,9.0,,,30,5.0,41.0,59.0,44.0,60.0,77.0,12.0,56.0,92.0,1.0,5.0,1.0,1.0,2.0,1.0
392,Female,39.0,5,,,,CA,,,,,,,,,,,,,,,,,,,,
393,Male,56.0,4,,,,GA,,,,,61,25.0,,,,,,,,,1.0,1.0,3.0,1.0,6.0,5.0
394,Male,64.0,7,,,,OH,,,,,,,,,,,,,,,1.0,1.0,1.0,1.0,1.0,1.0
395,Female,59.0,4,4.0,1.0,1.0,IL,95.0,70.0,,,,,5.0,1.0,1.0,20.0,12.0,1.0,7.0,3.0,1.0,1.0,1.0,1.0,2.0,1.0
396,Male,53.0,5,,,,MO,,,,,,,,,,,,,,,,,,,,
397,Male,64.0,3,4.0,2.0,9.0,CO,40.0,0.0,30.0,0.0,20,1.0,3.0,10.0,10.0,5.0,10.0,2.0,2.0,5.0,1.0,1.0,1.0,1.0,4.0,5.0
398,Male,65.0,2,3.0,,,,0.0,0.0,,,,,10.0,15.0,1.0,5.0,8.0,90.0,0.0,30.0,1.0,1.0,7.0,7.0,7.0,4.0
399,Female,60.0,4,,,,TX,,,,,,,,,,,,,,,,,,,,
400,Male,35.0,5,,,,NY,,,,,,,,,,,,,,,,,,,,
401,Male,59.0,5,6.0,,9.0,,,,,,,,0.0,1.0,0.0,1.0,7.0,1.0,1.0,9.0,,,,,,
402,Female,63.0,5,6.0,6.0,8.0,NC,90.0,30.0,95.0,45.0,,,2.0,1.0,1.0,3.0,1.0,0.0,1.0,4.0,3.0,6.0,2.0,1.0,1.0,1.0
403,Male,62.0,5,,,,TX,,,,,75,50.0,,,,,,,,,1.0,1.0,1.0,1.0,1.0,1.0
404,Male,61.0,3,2.0,2.0,2.0,CA,30.0,3.0,5.0,5.0,,,,,,,,,,,1.0,1.0,1.0,1.0,7.0,2.0
405,Male,33.0,5,6.0,2.0,7.0,FL,79.0,79.0,71.0,70.0,81,50.0,,,,,,,,,2.0,4.0,2.0,2.0,4.0,3.0
406,Female,53.0,5,5.0,1.0,8.0,TX,91.0,50.0,80.0,25.0,80,5.0,2.0,0.0,0.0,1.0,2.0,0.0,0.0,0.0,1.0,1.0,1.0,1.0,6.0,1.0
407,Female,57.0,3,,,,GA,,,50.0,19.0,70,40.0,51.0,51.0,51.0,9.0,22.0,1.0,51.0,51.0,6.0,1.0,1.0,3.0,7.0,1.0
408,Female,44.0,5,,,,KY,,,,,,,,,,,,,,,1.0,1.0,1.0,1.0,1.0,1.0
409,Male,60.0,4,,,,OK,,,,,,,,,,,,,,,,,,,,
410,Male,52.0,4,7.0,3.0,8.0,KS,50.0,51.0,83.0,61.0,,,0.0,0.0,5.0,15.0,25.0,0.0,15.0,5.0,1.0,7.0,1.0,1.0,1.0,1.0
411,Female,60.0,7,5.0,3.0,9.0,,0.0,0.0,,,,,10.0,7.0,7.0,4.0,10.0,0.0,0.0,10.0,1.0,1.0,1.0,1.0,2.0,1.0
412,Female,71.0,5,2.0,1.0,1.0,TX,,,90.0,80.0,90,50.0,35.0,20.0,20.0,40.0,30.0,25.0,20.0,20.0,1.0,1.0,1.0,1.0,1.0,1.0
413,Female,62.0,3,,,,TX,,,,,,,,,,,,,,,1.0,1.0,1.0,1.0,1.0,1.0
414,Male,33.0,5,,,,FL,25.0,10.0,70.0,40.0,40,15.0,1.0,0.0,1.0,2.0,4.0,0.0,2.0,4.0,5.0,2.0,6.0,6.0,2.0,1.0
415,Female,52.0,3,2.0,,,SC,,,90.0,70.0,,,33.0,10.0,5.0,5.0,33.0,0.0,3.0,15.0,1.0,1.0,1.0,1.0,1.0,1.0
416,Female,63.0,5,5.0,9.0,9.0,IN,87.0,81.0,87.0,57.0,81,62.0,8.0,2.0,3.0,7.0,13.0,0.0,4.0,14.0,1.0,1.0,1.0,1.0,1.0,1.0
417,Female,25.0,6,7.0,3.0,,NC,88.0,73.0,78.0,38.0,83,41.0,5.0,0.0,0.0,0.0,14.0,0.0,0.0,0.0,3.0,1.0,3.0,1.0,7.0,1.0
418,Male,38.0,5,5.0,3.0,7.0,SD,,,,,,,,,,,,,,,4.0,1.0,4.0,1.0,1.0,1.0
419,Female,68.0,3,4.0,4.0,7.0,OH,90.0,71.0,90.0,50.0,90,60.0,0.0,0.0,0.0,3.0,20.0,0.0,0.0,10.0,1.0,1.0,1.0,1.0,1.0,1.0
420,Male,52.0,5,9.0,6.0,9.0,AZ,,,95.0,81.0,85,71.0,1.0,1.0,1.0,1.0,5.0,1.0,2.0,1.0,1.0,1.0,1.0,1.0,1.0,1.0
421,Female,68.0,5,5.0,3.0,6.0,KS,85.0,85.0,,,,,,,,,,,,,1.0,1.0,1.0,1.0,1.0,1.0
422,Male,58.0,3,5.0,2.0,9.0,AZ,91.0,81.0,96.0,88.0,91,71.0,1.0,1.0,1.0,1.0,4.0,1.0,1.0,2.0,7.0,7.0,1.0,1.0,7.0,1.0
423,Female,53.0,6,5.0,1.0,8.0,TX,,,,,,,,,,,,,,,,,,,,
424,Male,65.0,5,7.0,9.0,9.0,NY,100.0,55.0,99.0,51.0,100,51.0,4.0,5.0,6.0,3.0,2.0,1.0,1.0,1.0,1.0,1.0,1.0,1.0,1.0,1.0
425,Male,32.0,3,2.0,2.0,3.0,CA,86.0,18.0,64.0,72.0,42,79.0,6.0,12.0,29.0,72.0,66.0,53.0,39.0,13.0,,,,,,
426,Female,57.0,7,2.0,5.0,9.0,MN,90.0,40.0,91.0,80.0,,,2.0,2.0,0.0,5.0,10.0,2.0,0.0,1.0,2.0,2.0,1.0,1.0,7.0,7.0
427,Male,45.0,2,,,,IL,80.0,51.0,36.0,40.0,24,35.0,,,,,,,,,3.0,3.0,5.0,3.0,4.0,3.0
428,Female,61.0,3,1.0,,,AR,79.0,79.0,99.0,60.0,91,61.0,2.0,2.0,2.0,0.0,2.0,0.0,2.0,1.0,1.0,1.0,1.0,1.0,1.0,1.0
429,Female,42.0,5,,,,GA,,,,,,,,,,,,,,,2.0,5.0,1.0,1.0,2.0,1.0
430,Male,63.0,5,6.0,9.0,9.0,CA,85.0,65.0,90.0,75.0,,,1.0,1.0,1.0,2.0,3.0,0.0,0.0,1.0,2.0,1.0,2.0,1.0,3.0,3.0
431,Male,53.0,3,2.0,1.0,3.0,IL,85.0,85.0,86.0,49.0,78,63.0,,,,,,,,,4.0,4.0,3.0,2.0,2.0,1.0
432,Male,49.0,6,7.0,2.0,9.0,OH,,,100.0,7.0,91,50.0,,,,,,,,,1.0,1.0,1.0,1.0,1.0,1.0
433,Female,39.0,7,,,,MI,,,,,,,,,,,,,,,1.0,1.0,1.0,1.0,2.0,3.0
434,Male,60.0,5,,,,IA,,,,,,,,,,,,,,,1.0,1.0,7.0,1.0,1.0,4.0
435,Female,60.0,5,,,,WA,,,,,,,,,,,,,,,1.0,1.0,1.0,1.0,1.0,1.0
436,Female,41.0,5,3.0,,,IN,75.0,50.0,,,,,8.0,1.0,1.0,4.0,5.0,0.0,1.0,2.0,1.0,1.0,1.0,1.0,1.0,1.0
437,Female,50.0,4,5.0,3.0,9.0,AZ,81.0,65.0,80.0,62.0,78,64.0,2.0,4.0,4.0,7.0,5.0,1.0,1.0,3.0,1.0,1.0,1.0,1.0,1.0,1.0
438,Female,50.0,4,5.0,3.0,9.0,AZ,81.0,65.0,80.0,62.0,78,64.0,2.0,4.0,4.0,7.0,5.0,1.0,1.0,3.0,1.0,1.0,1.0,1.0,1.0,1.0
439,Female,53.0,3,,,,AR,,,,,80,4.0,,,,,,,,,,,,,,
440,Male,66.0,3,5.0,5.0,6.0,,75.0,65.0,80.0,75.0,75,60.0,5.0,4.0,1.0,2.0,2.0,0.0,1.0,10.0,1.0,1.0,1.0,1.0,5.0,2.0
441,Female,62.0,3,,,,NC,100.0,50.0,80.0,30.0,,,0.0,0.0,0.0,10.0,15.0,0.0,0.0,0.0,1.0,1.0,1.0,1.0,1.0,1.0
442,Male,59.0,3,3.0,2.0,6.0,CA,0.0,,10.0,0.0,0,0.0,1.0,0.0,1.0,5.0,5.0,0.0,1.0,2.0,1.0,1.0,1.0,1.0,1.0,1.0
443,Male,69.0,6,4.0,8.0,9.0,CO,75.0,20.0,75.0,43.0,75,50.0,21.0,8.0,4.0,23.0,28.0,0.0,24.0,32.0,1.0,1.0,1.0,2.0,1.0,1.0
444,Male,32.0,3,4.0,2.0,2.0,CA,50.0,25.0,50.0,35.0,30,25.0,1.0,1.0,1.0,1.0,3.0,1.0,1.0,3.0,1.0,1.0,1.0,1.0,1.0,1.0
445,Female,65.0,2,,,,,,,,,,,6.0,0.0,6.0,7.0,8.0,0.0,7.0,7.0,1.0,1.0,1.0,1.0,1.0,1.0
446,Female,31.0,5,7.0,,,CA,92.0,71.0,85.0,49.0,100,60.0,9.0,29.0,4.0,2.0,5.0,1.0,8.0,12.0,4.0,1.0,2.0,1.0,5.0,2.0
447,Male,54.0,3,3.0,3.0,9.0,,90.0,19.0,75.0,19.0,,,19.0,10.0,10.0,1.0,1.0,1.0,1.0,37.0,1.0,1.0,1.0,1.0,2.0,4.0
448,Female,59.0,5,5.0,1.0,8.0,TX,72.0,28.0,72.0,51.0,66,19.0,0.0,0.0,0.0,8.0,18.0,0.0,3.0,0.0,1.0,1.0,1.0,1.0,3.0,1.0
449,Male,49.0,5,9.0,6.0,9.0,NC,85.0,50.0,95.0,65.0,95,30.0,1.0,0.0,0.0,1.0,5.0,0.0,2.0,3.0,1.0,6.0,3.0,1.0,6.0,1.0
450,Male,40.0,7,9.0,9.0,9.0,MI,99.0,25.0,83.0,30.0,68,50.0,1.0,4.0,1.0,1.0,1.0,0.0,1.0,3.0,2.0,4.0,2.0,1.0,2.0,5.0
451,Female,27.0,5,5.0,9.0,7.0,IN,78.0,30.0,90.0,50.0,,,,,,,,,,,,,,,,
452,Female,48.0,5,6.0,7.0,9.0,AZ,82.0,83.0,68.0,72.0,83,67.0,1.0,4.0,7.0,3.0,24.0,8.0,15.0,1.0,1.0,1.0,4.0,4.0,4.0,4.0
453,Female,43.0,5,8.0,9.0,9.0,FL,82.0,61.0,87.0,50.0,71,50.0,5.0,4.0,1.0,2.0,4.0,1.0,2.0,3.0,1.0,1.0,1.0,1.0,1.0,1.0
454,Male,53.0,7,9.0,5.0,9.0,VA,80.0,50.0,80.0,55.0,70,25.0,1.0,1.0,1.0,4.0,6.0,0.0,1.0,1.0,1.0,6.0,1.0,1.0,2.0,2.0
455,Female,41.0,5,5.0,1.0,1.0,KY,100.0,0.0,80.0,50.0,97,40.0,30.0,30.0,30.0,30.0,30.0,30.0,31.0,30.0,6.0,2.0,1.0,2.0,6.0,7.0
456,Male,53.0,5,7.0,4.0,7.0,IL,,,,,,,,,,,,,,,1.0,2.0,1.0,1.0,3.0,2.0
457,Male,44.0,4,,,,OR,,,,,,,,,,,,,,,,,,,,
458,Female,69.0,5,4.0,,,WA,80.0,51.0,,,,,,,,,,,,,1.0,1.0,1.0,1.0,1.0,1.0
459,Male,46.0,4,5.0,3.0,,TX,92.0,30.0,97.0,50.0,85,50.0,50.0,13.0,13.0,13.0,20.0,11.0,50.0,21.0,1.0,7.0,1.0,1.0,1.0,1.0
460,Male,64.0,5,5.0,2.0,2.0,FL,61.0,29.0,60.0,19.0,72,8.0,19.0,1.0,1.0,0.0,10.0,0.0,5.0,20.0,1.0,6.0,1.0,1.0,5.0,3.0
461,Male,30.0,5,,,,OH,,,,,,,,,,,,,,,,,,,,
462,Female,73.0,3,5.0,3.0,7.0,MO,80.0,50.0,51.0,51.0,80,75.0,50.0,30.0,30.0,80.0,50.0,10.0,10.0,50.0,1.0,1.0,1.0,1.0,1.0,1.0
463,Male,77.0,3,6.0,9.0,9.0,FL,90.0,90.0,90.0,91.0,100,100.0,1.0,0.0,0.0,1.0,5.0,0.0,0.0,1.0,1.0,1.0,1.0,1.0,1.0,1.0
464,Female,77.0,3,,,,SC,,,,,,,,,,,,,,,,,,,,
465,Male,19.0,2,6.0,2.0,,WA,80.0,65.0,80.0,50.0,80,50.0,1.0,3.0,3.0,2.0,5.0,1.0,1.0,5.0,1.0,1.0,1.0,1.0,1.0,3.0
466,Male,34.0,3,1.0,1.0,1.0,WI,89.0,65.0,,,,,10.0,10.0,10.0,20.0,30.0,10.0,20.0,30.0,2.0,6.0,2.0,2.0,4.0,3.0
467,Female,59.0,5,3.0,3.0,9.0,NY,,,,,,,,,,,,,,,1.0,1.0,1.0,1.0,1.0,1.0
468,Male,33.0,2,5.0,2.0,4.0,FL,62.0,40.0,61.0,37.0,51,24.0,3.0,3.0,1.0,14.0,20.0,4.0,7.0,4.0,1.0,1.0,1.0,1.0,1.0,2.0
469,Female,60.0,5,,,,,,,71.0,50.0,85,59.0,25.0,4.0,16.0,18.0,5.0,6.0,,7.0,1.0,1.0,1.0,1.0,2.0,1.0
470,Female,68.0,2,,,,FL,,,,,,,,,,,,,,,,,,,,
471,Female,25.0,6,,,,,,,,,,,,,,,,,,,6.0,7.0,1.0,1.0,2.0,1.0
472,Female,56.0,3,8.0,3.0,9.0,GA,87.0,63.0,100.0,69.0,95,61.0,8.0,2.0,3.0,2.0,11.0,2.0,6.0,5.0,1.0,1.0,1.0,1.0,1.0,1.0
473,Female,45.0,5,,,,NY,71.0,39.0,93.0,50.0,71,41.0,20.0,10.0,10.0,3.0,4.0,10.0,3.0,8.0,1.0,1.0,1.0,1.0,3.0,1.0
474,Male,62.0,5,7.0,,9.0,GA,60.0,35.0,75.0,30.0,68,42.0,10.0,4.0,6.0,16.0,18.0,9.0,5.0,5.0,2.0,3.0,5.0,2.0,5.0,5.0
475,Male,65.0,3,5.0,3.0,4.0,WA,50.0,50.0,50.0,50.0,50,50.0,10.0,5.0,5.0,5.0,20.0,0.0,15.0,20.0,1.0,1.0,1.0,1.0,1.0,1.0
476,Male,62.0,7,5.0,,,GA,80.0,60.0,80.0,50.0,,,20.0,5.0,3.0,5.0,3.0,1.0,3.0,3.0,2.0,2.0,2.0,2.0,2.0,2.0
477,Male,22.0,5,3.0,4.0,8.0,TX,60.0,30.0,,,,,,,,,,,,,2.0,5.0,1.0,7.0,7.0,6.0
478,Male,26.0,3,,,,TX,50.0,50.0,50.0,50.0,50,50.0,1.0,7.0,7.0,5.0,5.0,1.0,5.0,10.0,1.0,1.0,1.0,1.0,1.0,4.0
479,Female,72.0,3,1.0,2.0,7.0,CA,,,,,88,19.0,70.0,1.0,1.0,33.0,24.0,1.0,1.0,40.0,1.0,1.0,1.0,1.0,1.0,1.0
480,Female,54.0,3,5.0,2.0,3.0,,10.0,0.0,15.0,10.0,,,5.0,1.0,1.0,5.0,50.0,1.0,1.0,30.0,1.0,1.0,1.0,1.0,1.0,1.0
481,Male,44.0,6,,,,NY,,,,,,,,,,,,,,,,,,,,
482,Female,50.0,4,4.0,2.0,,VA,,,,,,,,,,,,,,,,,,,,
483,Male,50.0,5,,,,MI,91.0,76.0,81.0,54.0,,,35.0,25.0,23.0,24.0,23.0,24.0,16.0,22.0,,,,,,
484,Male,21.0,3,4.0,3.0,3.0,IL,,,,,,,,,,,,,,,,,,,,
485,Female,47.0,3,6.0,1.0,2.0,OR,,,,,,,,,,,,,,,,,,,,
486,Female,47.0,6,5.0,,,MD,90.0,51.0,80.0,50.0,,,1.0,1.0,0.0,1.0,1.0,0.0,0.0,1.0,1.0,1.0,1.0,1.0,1.0,1.0
487,Male,71.0,3,,,,CO,,,,,95,80.0,,,,,,,,,1.0,1.0,1.0,1.0,1.0,1.0
488,Female,62.0,6,4.0,3.0,9.0,IA,,,95.0,49.0,91,66.0,10.0,1.0,1.0,6.0,8.0,1.0,1.0,17.0,1.0,2.0,2.0,2.0,2.0,2.0
489,Male,42.0,2,,,,GA,,,,,,,,,,,,,,,,,,,,
490,Female,55.0,7,8.0,9.0,9.0,IL,,,85.0,85.0,90,70.0,5.0,5.0,5.0,5.0,15.0,1.0,10.0,15.0,1.0,1.0,1.0,1.0,4.0,2.0
491,Male,52.0,6,2.0,2.0,3.0,PA,90.0,50.0,,,,,,,,,,,,,,,,,,
492,Male,30.0,5,6.0,4.0,9.0,,70.0,30.0,40.0,5.0,60,30.0,3.0,0.0,0.0,10.0,5.0,0.0,1.0,2.0,1.0,1.0,1.0,1.0,2.0,1.0
493,Male,40.0,3,,,,OK,,,,,,,,,,,,,,,,,,,,
494,Female,64.0,5,,,,OH,,,,,,,,,,,,,,,1.0,1.0,1.0,1.0,4.0,1.0
495,Male,31.0,5,,,,AR,,,,,,,,,,,,,,,1.0,3.0,1.0,1.0,1.0,1.0
496,Male,29.0,5,3.0,2.0,2.0,TN,20.0,1.0,,,,,1.0,5.0,1.0,2.0,5.0,0.0,1.0,5.0,2.0,5.0,1.0,1.0,2.0,2.0
497,Male,68.0,5,4.0,9.0,9.0,MI,80.0,65.0,75.0,50.0,,,15.0,10.0,10.0,10.0,15.0,5.0,5.0,10.0,1.0,1.0,1.0,1.0,1.0,1.0
498,Female,59.0,5,5.0,2.0,9.0,CA,40.0,15.0,86.0,50.0,72,66.0,4.0,6.0,1.0,1.0,3.0,0.0,2.0,3.0,1.0,1.0,1.0,1.0,1.0,3.0
499,Male,28.0,5,,,,MI,,,100.0,100.0,,,,,,,,,,,,,,,,
500,Male,50.0,3,,,,IL,,,,,,,,,,,,,,,,,,,,
501,Male,50.0,6,6.0,7.0,9.0,PA,70.0,20.0,,,,,90.0,95.0,80.0,66.0,78.0,68.0,48.0,88.0,1.0,1.0,1.0,1.0,1.0,1.0
502,Male,35.0,6,5.0,,,NV,100.0,100.0,100.0,71.0,80,70.0,90.0,5.0,15.0,10.0,40.0,8.0,50.0,80.0,2.0,6.0,1.0,1.0,1.0,1.0
503,Male,33.0,5,,,,CA,74.0,40.0,92.0,90.0,90,60.0,1.0,1.0,1.0,1.0,1.0,1.0,1.0,1.0,1.0,1.0,1.0,1.0,4.0,2.0
504,Male,60.0,3,3.0,1.0,,OH,,,29.0,9.0,66,39.0,17.0,8.0,6.0,7.0,8.0,1.0,1.0,6.0,6.0,1.0,3.0,1.0,3.0,2.0
505,Female,29.0,3,,,,OK,,,,,,,,,,,,,,,,,,,,
506,Female,56.0,5,5.0,4.0,7.0,WI,87.0,41.0,90.0,70.0,81,48.0,40.0,12.0,12.0,25.0,60.0,3.0,34.0,71.0,5.0,7.0,1.0,1.0,7.0,2.0
507,Female,65.0,5,3.0,3.0,9.0,GA,100.0,50.0,100.0,20.0,95,50.0,5.0,5.0,5.0,5.0,30.0,0.0,0.0,15.0,1.0,1.0,1.0,1.0,1.0,1.0
508,Female,40.0,5,,,,,,,,,,,,,,,,,,,,,,,,
509,Male,25.0,6,,,,CA,61.0,40.0,52.0,20.0,65,40.0,71.0,0.0,19.0,39.0,28.0,10.0,4.0,6.0,1.0,1.0,1.0,1.0,1.0,1.0
510,Male,54.0,6,9.0,9.0,9.0,FL,85.0,60.0,95.0,85.0,100,80.0,20.0,5.0,5.0,25.0,50.0,1.0,10.0,15.0,1.0,1.0,1.0,1.0,5.0,1.0
511,Male,43.0,2,,,,TX,,,,,,,,,,,,,,,,,,,,
512,Male,44.0,5,7.0,7.0,9.0,,90.0,50.0,95.0,20.0,95,60.0,1.0,2.0,2.0,1.0,1.0,1.0,1.0,1.0,5.0,6.0,1.0,1.0,6.0,5.0
513,Male,52.0,5,5.0,2.0,9.0,CA,75.0,40.0,70.0,20.0,85,60.0,1.0,1.0,1.0,2.0,2.0,1.0,1.0,1.0,,,,,,
514,Male,33.0,3,4.0,1.0,1.0,TX,92.0,82.0,100.0,30.0,,,,,,,,,,,6.0,7.0,1.0,1.0,3.0,7.0
515,Female,27.0,5,3.0,2.0,2.0,VA,80.0,30.0,80.0,9.0,100,25.0,20.0,10.0,0.0,75.0,45.0,0.0,2.0,5.0,1.0,1.0,1.0,1.0,3.0,2.0
516,Female,68.0,6,,,,CA,,,,,,,,,,,,,,,2.0,1.0,1.0,1.0,2.0,1.0
517,Male,33.0,4,2.0,2.0,1.0,NY,40.0,11.0,,,50,50.0,,,,,,,,,7.0,1.0,1.0,1.0,3.0,7.0
518,Male,69.0,3,,,,OH,,,,,,,,,,,,,,,3.0,3.0,1.0,1.0,1.0,3.0
519,Male,65.0,6,8.0,,,NY,60.0,50.0,70.0,50.0,55,25.0,10.0,6.0,3.0,4.0,4.0,0.0,2.0,5.0,1.0,1.0,1.0,1.0,4.0,3.0
520,Female,56.0,2,,1.0,1.0,NY,,,,,,,,,,,,,,,1.0,1.0,1.0,1.0,1.0,1.0
521,Female,39.0,3,,,,DE,80.0,59.0,92.0,70.0,68,30.0,14.0,33.0,33.0,29.0,37.0,13.0,16.0,63.0,,,,,,
522,Female,25.0,7,1.0,,3.0,TX,97.0,90.0,,,,,,,,,,,,,,,,,,
523,Male,71.0,6,7.0,7.0,9.0,WA,97.0,32.0,90.0,41.0,100,9.0,89.0,70.0,57.0,47.0,54.0,6.0,45.0,60.0,1.0,1.0,1.0,1.0,1.0,1.0
524,Male,34.0,6,6.0,6.0,5.0,,,,,,,,,,,,,,,,5.0,4.0,1.0,1.0,2.0,2.0
525,Female,59.0,6,6.0,2.0,9.0,,83.0,84.0,81.0,81.0,50,50.0,34.0,41.0,46.0,61.0,65.0,22.0,12.0,8.0,1.0,1.0,1.0,1.0,6.0,1.0
526,Female,63.0,5,8.0,9.0,9.0,,,,70.0,35.0,83,65.0,1.0,1.0,1.0,10.0,9.0,0.0,,3.0,1.0,1.0,1.0,1.0,2.0,1.0
527,Male,28.0,1,,,,MS,52.0,15.0,,,33,68.0,40.0,2.0,3.0,50.0,30.0,0.0,3.0,28.0,,,,,,
528,Female,44.0,2,6.0,2.0,8.0,TX,86.0,50.0,100.0,29.0,100,40.0,51.0,52.0,53.0,76.0,77.0,5.0,45.0,55.0,1.0,1.0,1.0,1.0,6.0,1.0
529,Female,60.0,5,,,,PA,,,,,,,,,,,,,,,,,,,,
530,Female,27.0,2,,,,NC,,,,,,,,,,,,,,,,,,,,
531,Female,55.0,5,1.0,,,PA,100.0,0.0,100.0,0.0,100,0.0,55.0,15.0,35.0,95.0,100.0,0.0,100.0,100.0,1.0,1.0,1.0,1.0,1.0,1.0
532,Male,66.0,5,7.0,3.0,,FL,,,,,,,,,,,,,,,1.0,1.0,4.0,1.0,1.0,1.0
533,Male,30.0,2,,,,MI,,,55.0,2.0,5,0.0,31.0,12.0,15.0,43.0,58.0,43.0,38.0,28.0,1.0,4.0,4.0,4.0,6.0,6.0
534,Male,49.0,2,6.0,,,HI,100.0,100.0,,,,,1.0,3.0,1.0,4.0,1.0,3.0,1.0,1.0,7.0,7.0,1.0,1.0,1.0,5.0
535,Female,22.0,5,,,,,,,,,,,3.0,20.0,20.0,15.0,35.0,1.0,15.0,10.0,,,,,,
536,Male,51.0,6,9.0,,,CA,100.0,40.0,,,,,50.0,15.0,25.0,20.0,25.0,16.0,10.0,51.0,1.0,1.0,1.0,1.0,1.0,1.0
537,Male,68.0,5,,,,NY,,,,,,,15.0,1.0,3.0,40.0,5.0,5.0,20.0,3.0,,,,,,
538,Female,61.0,5,3.0,7.0,9.0,NC,60.0,58.0,64.0,50.0,72,51.0,23.0,6.0,5.0,5.0,13.0,4.0,3.0,10.0,2.0,2.0,2.0,2.0,2.0,2.0
539,Female,52.0,4,4.0,3.0,8.0,GA,48.0,23.0,78.0,65.0,53,40.0,14.0,23.0,9.0,8.0,6.0,3.0,4.0,5.0,1.0,1.0,1.0,1.0,1.0,1.0
540,Female,65.0,4,,,,OH,,,,,,,,,,,,,,,,,,,,
541,Male,53.0,5,5.0,9.0,9.0,IL,100.0,100.0,,,,,,,,,,,,,,,,,,
542,Male,73.0,4,4.0,2.0,3.0,NC,90.0,75.0,94.0,65.0,95,75.0,1.0,7.0,5.0,25.0,50.0,0.0,2.0,50.0,1.0,1.0,1.0,1.0,1.0,3.0
543,Female,49.0,6,5.0,4.0,9.0,NY,90.0,75.0,92.0,82.0,95,95.0,3.0,19.0,13.0,7.0,28.0,33.0,8.0,5.0,1.0,1.0,1.0,1.0,1.0,1.0
544,Female,62.0,5,4.0,3.0,8.0,FL,80.0,50.0,70.0,50.0,80,45.0,5.0,5.0,2.0,2.0,4.0,3.0,4.0,5.0,1.0,1.0,1.0,1.0,1.0,1.0
545,Male,21.0,5,,,,AL,,,,,,,,,,,,,,,,,,,,
546,Male,64.0,6,9.0,2.0,9.0,OH,75.0,60.0,,,,,30.0,30.0,30.0,20.0,70.0,20.0,50.0,70.0,2.0,2.0,2.0,2.0,2.0,2.0
547,Male,63.0,5,3.0,2.0,2.0,CA,75.0,15.0,80.0,50.0,90,60.0,40.0,60.0,60.0,75.0,75.0,20.0,60.0,15.0,1.0,1.0,1.0,1.0,1.0,2.0
548,Female,67.0,6,4.0,9.0,9.0,IL,73.0,41.0,91.0,84.0,88,72.0,26.0,14.0,9.0,34.0,32.0,0.0,14.0,55.0,1.0,1.0,1.0,1.0,1.0,1.0
549,Male,40.0,3,4.0,7.0,7.0,OR,88.0,66.0,75.0,4.0,71,70.0,40.0,20.0,7.0,38.0,50.0,1.0,1.0,6.0,4.0,1.0,1.0,1.0,1.0,1.0
550,Male,24.0,5,1.0,2.0,3.0,AZ,,,65.0,15.0,75,20.0,6.0,5.0,7.0,1.0,1.0,1.0,5.0,2.0,,,,,,
551,Male,62.0,6,7.0,9.0,9.0,CA,75.0,50.0,70.0,60.0,61,21.0,5.0,10.0,10.0,15.0,18.0,0.0,5.0,5.0,1.0,1.0,1.0,1.0,1.0,1.0
552,Female,60.0,5,,,,OH,85.0,40.0,90.0,50.0,,,,,,,,,,,1.0,1.0,1.0,1.0,6.0,3.0
553,Male,49.0,7,6.0,2.0,9.0,TX,72.0,31.0,73.0,52.0,,,5.0,5.0,32.0,71.0,62.0,12.0,15.0,13.0,3.0,1.0,1.0,1.0,3.0,2.0
554,Female,45.0,7,8.0,9.0,9.0,NY,80.0,35.0,80.0,35.0,80,25.0,3.0,5.0,6.0,3.0,3.0,0.0,1.0,5.0,1.0,1.0,1.0,1.0,1.0,1.0
555,Male,44.0,5,,,,OK,70.0,23.0,,,,,60.0,10.0,11.0,12.0,41.0,7.0,20.0,36.0,1.0,1.0,1.0,1.0,1.0,1.0
556,Female,32.0,5,,,,FL,85.0,50.0,80.0,40.0,100,50.0,5.0,5.0,5.0,0.0,15.0,0.0,10.0,5.0,1.0,1.0,1.0,1.0,1.0,1.0
557,Female,60.0,6,2.0,2.0,2.0,OR,61.0,30.0,,,70,49.0,19.0,0.0,0.0,0.0,30.0,0.0,0.0,30.0,,,,,,
558,Female,19.0,3,,,,PA,,,100.0,100.0,29,47.0,9.0,29.0,29.0,41.0,44.0,31.0,41.0,32.0,1.0,1.0,1.0,1.0,1.0,1.0
559,Male,22.0,3,,,,OH,90.0,15.0,35.0,10.0,65,15.0,1.0,5.0,0.0,3.0,5.0,0.0,0.0,4.0,5.0,6.0,1.0,1.0,6.0,7.0
560,Male,30.0,7,9.0,5.0,1.0,NE,,,,,,,2.0,4.0,2.0,3.0,17.0,0.0,7.0,34.0,1.0,1.0,1.0,1.0,1.0,4.0
561,Male,60.0,5,6.0,4.0,9.0,,,,,,67,7.0,,,,,,,,,1.0,1.0,1.0,1.0,1.0,1.0
562,Female,30.0,4,1.0,1.0,2.0,WA,85.0,70.0,80.0,60.0,80,65.0,2.0,2.0,2.0,9.0,9.0,1.0,5.0,7.0,1.0,1.0,1.0,1.0,3.0,3.0
563,Female,32.0,7,9.0,5.0,9.0,FL,85.0,66.0,,,100,100.0,1.0,6.0,6.0,4.0,4.0,2.0,3.0,1.0,1.0,7.0,1.0,1.0,1.0,1.0
564,Male,28.0,5,,,,CA,,,,,,,,,,,,,,,2.0,2.0,3.0,1.0,4.0,3.0
565,Female,62.0,2,3.0,,9.0,MI,90.0,75.0,85.0,75.0,95,85.0,20.0,10.0,10.0,4.0,10.0,0.0,2.0,5.0,1.0,1.0,1.0,1.0,1.0,1.0
566,Male,41.0,5,5.0,,,HI,,,,,90,50.0,4.0,8.0,11.0,16.0,5.0,10.0,35.0,37.0,5.0,7.0,1.0,1.0,3.0,3.0
567,Female,62.0,4,,,,OH,,,,,,,,,,,,,,,,,,,,
568,Female,20.0,3,5.0,6.0,5.0,TX,75.0,13.0,64.0,31.0,,,50.0,63.0,67.0,47.0,73.0,66.0,41.0,58.0,1.0,1.0,1.0,1.0,1.0,1.0
569,Female,62.0,2,2.0,1.0,1.0,TX,40.0,21.0,18.0,0.0,,,15.0,0.0,1.0,29.0,0.0,3.0,0.0,9.0,1.0,1.0,1.0,1.0,1.0,1.0
570,Female,45.0,4,4.0,3.0,4.0,LA,50.0,45.0,51.0,40.0,40,36.0,10.0,10.0,10.0,25.0,5.0,10.0,10.0,20.0,1.0,2.0,1.0,1.0,3.0,1.0
571,Male,22.0,3,5.0,2.0,3.0,SC,,,,,,,,,,,,,,,,,,,,
572,Male,46.0,5,8.0,5.0,9.0,GA,75.0,60.0,,,,,,,,,,,,,1.0,1.0,1.0,1.0,1.0,1.0
573,Male,42.0,6,7.0,6.0,9.0,IA,,,,,,,,,,,,,,,5.0,1.0,2.0,6.0,1.0,5.0
574,Male,25.0,3,,,,WA,,,,,,,,,,,,,,,1.0,2.0,2.0,2.0,3.0,3.0
575,Female,60.0,7,6.0,4.0,9.0,PA,81.0,49.0,,,,,71.0,18.0,14.0,23.0,82.0,12.0,25.0,40.0,2.0,3.0,1.0,1.0,7.0,1.0
576,Male,36.0,5,,,,,100.0,51.0,,,100,75.0,15.0,10.0,8.0,11.0,25.0,1.0,1.0,22.0,3.0,7.0,1.0,1.0,1.0,1.0
577,Male,47.0,5,7.0,6.0,8.0,FL,95.0,75.0,95.0,50.0,85,60.0,1.0,1.0,1.0,1.0,20.0,1.0,1.0,1.0,,,,,,
578,Female,34.0,6,9.0,9.0,9.0,TX,81.0,61.0,81.0,53.0,,,0.0,0.0,0.0,19.0,35.0,0.0,19.0,9.0,2.0,1.0,1.0,1.0,2.0,1.0
579,Male,64.0,5,1.0,3.0,4.0,FL,10.0,10.0,40.0,30.0,60,60.0,1.0,0.0,0.0,1.0,1.0,0.0,1.0,1.0,1.0,1.0,1.0,1.0,1.0,1.0
580,Female,25.0,4,,,,CA,61.0,73.0,,,71,71.0,8.0,6.0,37.0,36.0,9.0,0.0,2.0,11.0,3.0,1.0,1.0,1.0,7.0,2.0
581,Male,21.0,3,4.0,4.0,5.0,,55.0,50.0,59.0,57.0,50,50.0,7.0,14.0,10.0,9.0,7.0,8.0,10.0,8.0,5.0,4.0,3.0,2.0,3.0,4.0
582,Male,23.0,3,,,,CA,,,,,,,,,,,,,,,7.0,7.0,7.0,7.0,7.0,7.0
583,Female,31.0,6,4.0,6.0,7.0,MO,80.0,36.0,85.0,60.0,90,58.0,1.0,6.0,2.0,11.0,60.0,1.0,5.0,9.0,1.0,1.0,1.0,1.0,1.0,1.0
584,Male,41.0,5,4.0,3.0,2.0,TX,50.0,50.0,65.0,55.0,70,50.0,2.0,2.0,5.0,30.0,30.0,0.0,5.0,10.0,3.0,1.0,1.0,1.0,1.0,3.0
585,Female,43.0,4,5.0,5.0,,VA,86.0,71.0,72.0,51.0,93,73.0,5.0,5.0,1.0,1.0,9.0,1.0,1.0,1.0,4.0,1.0,1.0,1.0,1.0,1.0
586,Female,47.0,5,,,,OK,,,23.0,3.0,20,0.0,,,,,,,,,,,,,,
587,Female,42.0,4,5.0,4.0,6.0,PA,61.0,4.0,71.0,20.0,71,19.0,3.0,5.0,5.0,27.0,18.0,18.0,13.0,9.0,1.0,1.0,1.0,1.0,1.0,1.0
588,Female,61.0,4,2.0,,9.0,FL,79.0,81.0,72.0,70.0,86,71.0,26.0,10.0,1.0,15.0,60.0,4.0,3.0,10.0,3.0,1.0,1.0,7.0,4.0,1.0
589,Female,36.0,5,,,,NC,,,,,90,50.0,,,,,,,,,,,,,,
590,Female,21.0,3,,,,WA,,,,,,,,,,,,,,,,,,,,
591,Male,40.0,6,5.0,6.0,3.0,IL,,,,,,,,,,,,,,,5.0,5.0,5.0,4.0,5.0,6.0
592,Female,44.0,2,,,,NY,,,,,,,,,,,,,,,,,,,,
593,Male,24.0,5,,,,,,,,,,,,,,,,,,,1.0,1.0,1.0,1.0,1.0,1.0
594,Other,31.0,3,,,,OR,,,,,,,,,,,,,,,,,,,,
595,Female,37.0,5,7.0,7.0,9.0,VA,85.0,50.0,50.0,20.0,50,15.0,5.0,1.0,1.0,1.0,10.0,1.0,5.0,10.0,1.0,1.0,1.0,1.0,1.0,1.0
596,Female,27.0,3,,,,VA,,,,,,,,,,,,,,,1.0,1.0,1.0,1.0,1.0,1.0
597,Male,37.0,5,,,,OH,,,,,,,,,,,,,,,7.0,6.0,7.0,6.0,6.0,7.0
598,Female,55.0,6,9.0,9.0,9.0,NC,,,70.0,40.0,85,30.0,3.0,2.0,1.0,1.0,5.0,0.0,1.0,5.0,1.0,1.0,1.0,1.0,1.0,1.0
599,Male,59.0,5,6.0,4.0,9.0,PA,51.0,19.0,80.0,67.0,76,19.0,2.0,1.0,1.0,2.0,2.0,0.0,0.0,2.0,1.0,1.0,3.0,1.0,1.0,2.0
600,Female,61.0,5,,,,VA,,,,,10,10.0,,,,,,,,,,,,,,
601,Male,58.0,5,8.0,2.0,4.0,NE,100.0,100.0,100.0,90.0,100,10.0,10.0,5.0,15.0,20.0,30.0,10.0,5.0,10.0,1.0,1.0,1.0,1.0,1.0,1.0
602,Female,46.0,6,9.0,5.0,9.0,CO,,,,,,,,,,,,,,,,,,,,
603,Male,51.0,7,7.0,6.0,8.0,FL,81.0,60.0,80.0,75.0,,,,,,,,,,,1.0,1.0,1.0,1.0,1.0,1.0
604,Male,21.0,3,,,,MN,,,,,,,,,,,,,,,,,,,,
605,Male,26.0,6,5.0,6.0,7.0,NY,90.0,51.0,,,,,,,,,,,,,,,,,,
606,Male,39.0,3,,,,TX,,,,,,,,,,,,,,,1.0,1.0,1.0,1.0,4.0,4.0
607,Male,56.0,3,3.0,2.0,4.0,AZ,25.0,3.0,25.0,1.0,20,2.0,2.0,2.0,3.0,1.0,5.0,7.0,1.0,6.0,1.0,1.0,1.0,1.0,1.0,1.0
608,Male,20.0,3,9.0,3.0,3.0,PA,93.0,58.0,83.0,,86,35.0,9.0,32.0,32.0,3.0,59.0,16.0,8.0,85.0,4.0,4.0,1.0,1.0,1.0,1.0
609,Female,62.0,6,,,,,,,,,,,71.0,70.0,72.0,26.0,36.0,12.0,14.0,74.0,1.0,1.0,1.0,1.0,1.0,1.0
610,Female,33.0,6,,,,CA,,,,,,,,,,,,,,,1.0,1.0,1.0,1.0,1.0,1.0
611,Male,69.0,6,7.0,9.0,9.0,HI,50.0,19.0,95.0,80.0,70,75.0,30.0,0.0,0.0,5.0,5.0,1.0,5.0,10.0,1.0,1.0,1.0,1.0,1.0,1.0
612,Female,59.0,3,5.0,9.0,9.0,,,,,,91,72.0,5.0,5.0,5.0,3.0,43.0,2.0,3.0,1.0,6.0,7.0,7.0,7.0,7.0,5.0
613,Female,64.0,5,5.0,,,WA,,,,,,,,,,,,,,,,,,,,
614,Male,68.0,6,9.0,9.0,9.0,IL,,,,,,,,,,,,,,,1.0,1.0,2.0,7.0,5.0,1.0
615,Female,32.0,6,5.0,2.0,9.0,OH,54.0,49.0,,,79,86.0,,,,,,,,,1.0,1.0,1.0,1.0,4.0,1.0
616,Male,33.0,5,,,,WI,,,,,,,,,,,,,,,1.0,7.0,1.0,1.0,6.0,1.0
617,Male,36.0,6,5.0,2.0,9.0,OH,67.0,59.0,,,,,,,,,,,,,1.0,1.0,1.0,1.0,1.0,1.0
618,Male,54.0,5,,,,WI,,,,,,,,,,,,,,,,,,,,
619,Male,65.0,5,,,,FL,,,,,,,,,,,,,,,,,,,,
620,Female,69.0,2,3.0,3.0,8.0,GA,96.0,16.0,98.0,90.0,92,59.0,1.0,5.0,6.0,20.0,29.0,20.0,17.0,15.0,1.0,1.0,1.0,1.0,1.0,1.0
621,Female,62.0,6,,,,,100.0,50.0,100.0,92.0,,,51.0,32.0,32.0,52.0,71.0,9.0,28.0,50.0,1.0,1.0,4.0,1.0,4.0,1.0
622,Female,30.0,6,,,,WI,,,,,,,,,,,,,,,,,,,,
623,Male,50.0,4,,,,AR,91.0,19.0,100.0,42.0,,,,,,,,,,,,,,,,
624,Male,31.0,5,,,,NY,,,,,,,,,,,,,,,2.0,4.0,2.0,4.0,3.0,6.0
625,Female,39.0,7,,,,CA,,,,,,,,,,,,,,,,,,,,
626,Male,59.0,3,5.0,3.0,9.0,IL,,,70.0,70.0,,,5.0,5.0,5.0,10.0,10.0,2.0,10.0,5.0,2.0,4.0,2.0,2.0,3.0,3.0
627,Male,38.0,5,4.0,3.0,3.0,CA,,,,,,,,,,,,,,,1.0,1.0,1.0,1.0,1.0,3.0
628,Male,27.0,3,,,,MD,,,,,67,0.0,,,,,,,,,,,,,,
629,Female,49.0,4,,,,MI,10.0,6.0,,,,,28.0,8.0,6.0,4.0,4.0,0.0,2.0,27.0,,,,,,
630,Male,20.0,3,7.0,7.0,8.0,TX,,,90.0,18.0,,,,,,,,,,,3.0,5.0,5.0,2.0,4.0,4.0
631,Female,35.0,6,4.0,3.0,9.0,AL,,,,,,,3.0,2.0,2.0,5.0,10.0,0.0,10.0,9.0,2.0,1.0,1.0,1.0,1.0,2.0
632,Female,70.0,6,7.0,3.0,9.0,,,,90.0,20.0,90,76.0,,,,,,,,,2.0,1.0,1.0,1.0,3.0,1.0
633,Female,63.0,3,3.0,2.0,2.0,FL,7.0,5.0,10.0,5.0,22,10.0,4.0,28.0,33.0,37.0,74.0,29.0,38.0,55.0,1.0,1.0,1.0,3.0,7.0,2.0
634,Male,66.0,2,2.0,,,NE,91.0,8.0,96.0,9.0,95,9.0,1.0,0.0,0.0,1.0,1.0,0.0,0.0,2.0,1.0,1.0,1.0,1.0,1.0,1.0
635,Female,65.0,6,6.0,9.0,9.0,GA,95.0,49.0,71.0,61.0,86,61.0,6.0,7.0,15.0,32.0,43.0,8.0,7.0,32.0,1.0,1.0,1.0,1.0,2.0,1.0
636,Male,38.0,6,7.0,8.0,1.0,NY,,,,,,,,,,,,,,,1.0,1.0,1.0,1.0,1.0,1.0
637,Male,20.0,2,,,,GA,,,,,,,,,,,,,,,,,,,,
638,Male,49.0,3,6.0,4.0,3.0,WA,25.0,26.0,31.0,5.0,59,57.0,38.0,1.0,1.0,45.0,40.0,12.0,43.0,85.0,1.0,7.0,1.0,1.0,5.0,5.0
639,Male,31.0,2,,,,NV,,,,,,,,,,,,,,,,,,,,
640,Female,65.0,3,4.0,2.0,,WI,95.0,71.0,100.0,43.0,,,,,,,,,,,1.0,4.0,1.0,1.0,3.0,1.0
641,Other,53.0,5,2.0,3.0,9.0,CA,81.0,60.0,70.0,50.0,,,1.0,5.0,1.0,2.0,3.0,0.0,2.0,3.0,1.0,1.0,3.0,1.0,3.0,4.0
642,Male,21.0,3,,,,MD,,,,,,,,,,,,,,,,,,,,
643,Female,66.0,6,5.0,2.0,9.0,MI,87.0,61.0,92.0,47.0,92,30.0,1.0,1.0,1.0,1.0,22.0,1.0,14.0,1.0,1.0,1.0,1.0,1.0,4.0,1.0
644,Female,47.0,5,5.0,,,OH,62.0,40.0,50.0,20.0,75,39.0,2.0,3.0,1.0,3.0,20.0,2.0,1.0,8.0,1.0,1.0,1.0,1.0,4.0,2.0
645,Female,53.0,5,6.0,9.0,9.0,,81.0,66.0,71.0,61.0,71,61.0,20.0,20.0,11.0,43.0,43.0,15.0,34.0,47.0,4.0,1.0,1.0,1.0,1.0,1.0
646,Male,20.0,3,,,,,,,,,,,,,,,,,,,1.0,1.0,4.0,3.0,4.0,1.0
647,Female,59.0,2,,,,,,,,,,,,,,,,,,,1.0,1.0,1.0,1.0,1.0,1.0
648,Male,28.0,5,5.0,2.0,7.0,VA,,,41.0,12.0,3,2.0,2.0,1.0,1.0,2.0,1.0,1.0,1.0,1.0,2.0,4.0,2.0,1.0,4.0,2.0
649,Female,43.0,5,5.0,2.0,2.0,TN,58.0,22.0,62.0,41.0,56,35.0,63.0,26.0,47.0,62.0,68.0,25.0,42.0,59.0,1.0,1.0,1.0,1.0,1.0,1.0
650,Male,41.0,6,7.0,3.0,9.0,UT,78.0,51.0,,,,,1.0,4.0,2.0,1.0,5.0,2.0,2.0,3.0,1.0,7.0,1.0,1.0,2.0,2.0
651,Male,77.0,3,5.0,4.0,9.0,CO,65.0,35.0,90.0,10.0,95,80.0,1.0,1.0,1.0,1.0,10.0,1.0,2.0,5.0,1.0,1.0,1.0,1.0,1.0,1.0
652,Female,50.0,3,,,,CA,,,,,,,,,,,,,,,,,,,,
653,Male,29.0,6,,,,,,,,,,,,,,,,,,,,,,,,
654,Male,43.0,3,,,,CA,,,,,,,,,,,,,,,1.0,1.0,1.0,1.0,1.0,1.0
655,Female,49.0,5,,,,IL,,,85.0,10.0,80,25.0,20.0,34.0,35.0,56.0,56.0,7.0,7.0,2.0,1.0,1.0,1.0,1.0,1.0,6.0
656,Female,59.0,6,6.0,8.0,9.0,,100.0,27.0,100.0,20.0,,,40.0,45.0,53.0,47.0,47.0,47.0,20.0,64.0,,,,,,
657,Male,33.0,5,,,,GA,,,,,,,,,,,,,,,,,,,,
658,Male,29.0,5,2.0,,,IL,40.0,10.0,,,,,5.0,8.0,2.0,2.0,12.0,1.0,1.0,8.0,,,,,,
659,Female,43.0,5,5.0,6.0,6.0,,91.0,81.0,93.0,50.0,84,67.0,5.0,10.0,7.0,10.0,15.0,1.0,1.0,5.0,1.0,1.0,1.0,1.0,6.0,2.0
660,Female,23.0,4,,,,MD,,,,,,,,,,,,,,,4.0,3.0,4.0,1.0,1.0,1.0
661,Male,73.0,5,8.0,3.0,9.0,CA,100.0,50.0,100.0,80.0,100,100.0,5.0,0.0,0.0,1.0,1.0,0.0,0.0,0.0,1.0,1.0,1.0,1.0,1.0,1.0
662,Female,25.0,5,,,,NC,,,,,100,100.0,,,,,,,,,,,,,,
663,Female,62.0,6,6.0,,9.0,MI,90.0,60.0,,,,,,,,,,,,,1.0,1.0,1.0,1.0,2.0,2.0
664,,39.0,5,6.0,3.0,9.0,CO,100.0,50.0,100.0,81.0,100,80.0,0.0,0.0,0.0,30.0,30.0,0.0,0.0,0.0,1.0,7.0,4.0,4.0,7.0,7.0
665,Female,61.0,6,6.0,9.0,9.0,NY,,,,,,,10.0,5.0,5.0,2.0,20.0,2.0,2.0,2.0,5.0,1.0,1.0,1.0,6.0,1.0
666,Male,38.0,3,7.0,9.0,9.0,PA,,,,,,,0.0,0.0,0.0,3.0,10.0,0.0,3.0,3.0,7.0,7.0,1.0,1.0,1.0,7.0
667,Male,28.0,5,,,,NY,,,,,,,,,,,,,,,,,,,,
668,Male,52.0,3,,,,FL,,,,,85,68.0,1.0,1.0,2.0,1.0,3.0,0.0,1.0,30.0,1.0,1.0,1.0,1.0,3.0,3.0
669,Female,28.0,5,,,,NY,,,,,,,,,,,,,,,,,,,,
670,Other,28.0,5,,,,GA,,,,,,,,,,,,,,,,,,,,
671,Male,26.0,3,,,,MD,,,,,,,,,,,,,,,1.0,1.0,1.0,1.0,3.0,2.0
672,Male,49.0,6,,,,,,,84.0,84.0,90,50.0,15.0,25.0,30.0,15.0,15.0,0.0,20.0,30.0,1.0,1.0,1.0,1.0,1.0,1.0
673,Male,35.0,5,,,,NY,,,,,,,,,,,,,,,,,,,,
674,Female,36.0,6,,,,PA,,,,,,,,,,,,,,,4.0,1.0,1.0,1.0,4.0,3.0
675,Female,50.0,3,,,,WV,,,,,,,,,,,,,,,1.0,1.0,1.0,1.0,1.0,1.0
676,Female,29.0,5,,,,AR,,,,,,,50.0,40.0,20.0,5.0,35.0,0.0,20.0,25.0,,,,,,
677,Female,64.0,6,,,,GA,,,,,,,,,,,,,,,,,,,,
678,Male,22.0,5,2.0,1.0,1.0,GA,,,60.0,11.0,,,,,,,,,,,,,,,,
679,Male,62.0,2,,,,MI,,,,,,,,,,,,,,,1.0,1.0,1.0,1.0,7.0,1.0
680,Female,31.0,7,,,,MD,,,90.0,70.0,100,70.0,1.0,1.0,1.0,5.0,5.0,15.0,5.0,10.0,,,,,,
681,Female,39.0,4,,,,NY,,,,,95,50.0,,,,,,,,,,,,,,
682,Male,24.0,5,,,,FL,,,,,,,,,,,,,,,,,,,,
683,Male,26.0,4,1.0,4.0,6.0,CA,55.0,30.0,75.0,20.0,45,10.0,30.0,20.0,21.0,25.0,27.0,15.0,19.0,25.0,2.0,4.0,2.0,1.0,5.0,4.0
684,Male,26.0,4,,,,WA,,,,,,,,,,,,,,,,,,,,
685,Female,41.0,3,3.0,3.0,3.0,PA,4.0,4.0,81.0,5.0,,,93.0,47.0,55.0,32.0,50.0,50.0,59.0,87.0,2.0,2.0,1.0,1.0,1.0,4.0
686,Female,20.0,2,,,,CA,,,80.0,50.0,,,19.0,11.0,10.0,2.0,31.0,0.0,10.0,25.0,,,,,,
687,Male,24.0,3,,,,WI,,,,,,,,,,,,,,,5.0,2.0,2.0,1.0,3.0,6.0
688,Male,32.0,1,,,,AR,,,,,,,,,,,,,,,,,,,,
689,Male,30.0,6,,,,NY,,,,,,,,,,,,,,,,,,,,
690,Male,32.0,5,4.0,3.0,2.0,VA,100.0,11.0,,,,,38.0,42.0,1.0,78.0,79.0,1.0,29.0,14.0,1.0,7.0,1.0,1.0,1.0,7.0
691,Female,29.0,3,,,,NY,,,,,,,,,,,,,,,,,,,,
692,Female,26.0,3,4.0,,,CA,100.0,100.0,100.0,100.0,,,2.0,2.0,2.0,4.0,3.0,3.0,55.0,6.0,3.0,1.0,1.0,1.0,1.0,1.0
693,Female,25.0,6,,,,VA,,,,,,,,,,,,,,,,,,,,
694,Female,56.0,5,,,,TN,,,75.0,44.0,,,28.0,3.0,4.0,10.0,5.0,4.0,9.0,24.0,,,,,,
695,Female,21.0,3,,,,MO,,,,,,,,,,,,,,,,,,,,
696,Male,63.0,2,4.0,2.0,9.0,CA,72.0,10.0,50.0,29.0,9,5.0,58.0,29.0,14.0,73.0,72.0,21.0,47.0,26.0,4.0,1.0,1.0,1.0,1.0,1.0
697,Male,29.0,5,,,,FL,,,,,,,,,,,,,,,,,,,,
698,Male,20.0,4,,,,MD,,,,,,,,,,,,,,,,,,,,
699,Male,43.0,2,6.0,3.0,9.0,SC,82.0,59.0,71.0,64.0,79,64.0,5.0,6.0,3.0,3.0,9.0,3.0,3.0,6.0,1.0,1.0,1.0,1.0,2.0,2.0
700,Female,21.0,3,,,,TX,,,,,,,,,,,,,,,,,,,,
701,Male,51.0,5,5.0,5.0,5.0,GA,85.0,71.0,50.0,50.0,50,50.0,35.0,15.0,20.0,30.0,36.0,4.0,10.0,5.0,1.0,4.0,1.0,1.0,1.0,1.0
702,Male,58.0,3,,,,TX,,,,,,,,,,,,,,,,,,,,
703,Female,31.0,3,,,,TN,,,,,66,5.0,,,,,,,,,2.0,6.0,1.0,1.0,1.0,1.0
704,Female,49.0,4,7.0,,,,,,,,,,,,,,,,,,1.0,1.0,1.0,1.0,3.0,2.0
705,Male,28.0,5,,,,CA,,,,,,,,,,,,,,,,,,,,
706,Male,59.0,5,7.0,3.0,9.0,IN,,,,,,,,,,,,,,,2.0,7.0,1.0,1.0,6.0,2.0
707,Female,35.0,6,,,,PA,,,,,,,,,,,,,,,7.0,1.0,1.0,1.0,1.0,1.0
708,Male,81.0,5,,,,CA,,,,,,,,,,,,,,,1.0,1.0,1.0,1.0,1.0,1.0
709,Female,44.0,6,6.0,1.0,3.0,TX,71.0,77.0,50.0,51.0,50,10.0,50.0,4.0,4.0,0.0,5.0,15.0,1.0,13.0,1.0,1.0,1.0,1.0,1.0,1.0
710,Female,42.0,6,,,,NY,,,,,,,,,,,,,,,,,,,,
711,Male,62.0,5,,,,NC,,,,,,,,,,,,,,,,,,,,
712,Female,19.0,2,,,,NC,,,,,,,,,,,,,,,1.0,1.0,1.0,1.0,1.0,4.0
713,Male,58.0,5,,,,WA,,,,,,,,,,,,,,,1.0,1.0,1.0,1.0,3.0,2.0
714,Female,48.0,6,4.0,1.0,7.0,AL,,,85.0,10.0,,,5.0,5.0,5.0,5.0,10.0,2.0,10.0,6.0,2.0,1.0,1.0,1.0,3.0,1.0
715,Male,31.0,5,,,,NY,,,,,,,,,,,,,,,,,,,,
716,Male,30.0,6,,,,FL,,,,,,,,,,,,,,,,,,,,
717,Female,28.0,5,,,,FL,,,,,,,,,,,,,,,1.0,1.0,1.0,1.0,1.0,1.0
718,Female,32.0,7,7.0,4.0,4.0,WA,81.0,60.0,95.0,80.0,,,14.0,6.0,6.0,13.0,24.0,0.0,2.0,4.0,1.0,1.0,1.0,1.0,1.0,1.0
719,Female,27.0,5,1.0,1.0,1.0,TX,,,65.0,61.0,67,61.0,,,,,,,,,2.0,2.0,2.0,2.0,2.0,2.0
720,Male,22.0,3,,,,TX,,,,,,,,,,,,,,,,,,,,
721,Female,33.0,6,,,,TX,,,,,,,,,,,,,,,,,,,,
722,Male,60.0,7,9.0,7.0,9.0,NV,92.0,91.0,80.0,88.0,82,50.0,61.0,35.0,20.0,13.0,30.0,8.0,17.0,25.0,,,,,,
723,Female,29.0,6,,,,NY,,,,,,,,,,,,,,,,,,,,
724,Male,33.0,6,,,,NJ,,,,,,,,,,,,,,,,,,,,
725,Male,29.0,6,,,,TN,,,,,,,,,,,,,,,,,,,,
726,Female,27.0,5,,,,CA,,,,,,,,,,,,,,,,,,,,
727,Female,62.0,3,,,,AL,100.0,100.0,,,,,,,,,,,,,1.0,1.0,1.0,1.0,1.0,1.0
728,Female,64.0,4,2.0,1.0,1.0,LA,,,80.0,50.0,,,10.0,10.0,1.0,10.0,10.0,2.0,3.0,10.0,,,,,,
729,Female,66.0,3,4.0,2.0,1.0,SC,64.0,60.0,58.0,74.0,45,43.0,19.0,8.0,8.0,0.0,0.0,0.0,0.0,16.0,1.0,1.0,1.0,1.0,1.0,1.0
730,Male,26.0,3,,,,NJ,,,,,,,,,,,,,,,,,,,,
731,Female,24.0,5,,,,OR,,,,,,,,,,,,,,,,,,,,
732,Male,25.0,5,,,,NY,,,,,,,,,,,,,,,,,,,,
733,Male,25.0,5,,,,NY,,,,,,,,,,,,,,,,,,,,
734,Male,43.0,4,,,,TN,,,,,,,,,,,,,,,1.0,1.0,1.0,1.0,1.0,1.0
735,Female,33.0,5,,,,TX,,,,,74,50.0,,,,,,,,,,,,,,
736,Female,30.0,4,4.0,2.0,2.0,CA,55.0,30.0,60.0,20.0,65,25.0,5.0,2.0,2.0,15.0,30.0,2.0,20.0,15.0,1.0,1.0,1.0,1.0,1.0,1.0
737,Male,30.0,3,5.0,2.0,1.0,FL,90.0,34.0,,,,,14.0,21.0,14.0,14.0,21.0,0.0,11.0,11.0,5.0,3.0,1.0,1.0,4.0,2.0
738,Male,59.0,3,1.0,1.0,5.0,IN,0.0,0.0,0.0,0.0,5,0.0,1.0,0.0,0.0,0.0,0.0,0.0,0.0,0.0,4.0,1.0,2.0,1.0,4.0,2.0
739,Male,39.0,4,,,,,,,,,,,,,,,,,,,1.0,1.0,5.0,1.0,7.0,1.0
740,Female,42.0,5,5.0,2.0,6.0,OH,60.0,40.0,,,75,20.0,30.0,50.0,0.0,0.0,15.0,20.0,10.0,70.0,1.0,4.0,1.0,1.0,1.0,4.0
741,Male,22.0,5,,,,WA,,,,,,,,,,,,,,,,,,,,
742,Female,61.0,5,6.0,9.0,9.0,FL,80.0,34.0,70.0,60.0,56,24.0,5.0,13.0,16.0,6.0,34.0,1.0,6.0,5.0,1.0,1.0,1.0,1.0,1.0,1.0
743,Female,42.0,2,5.0,2.0,5.0,PA,81.0,41.0,62.0,35.0,,,40.0,45.0,39.0,43.0,51.0,30.0,31.0,38.0,1.0,1.0,3.0,1.0,3.0,3.0
744,Female,31.0,5,,,,KS,85.0,60.0,,,,,,,,,,,,,,,,,,
745,Female,62.0,7,5.0,3.0,9.0,TX,93.0,65.0,,,100,79.0,,,,,,,,,,,,,,
746,Male,30.0,5,,,,CA,,,,,,,,,,,,,,,,,,,,
747,Male,47.0,7,,,,KY,,,,,,,,,,,,,,,2.0,1.0,1.0,1.0,3.0,1.0
748,Male,30.0,3,,,,NC,69.0,39.0,,,,,,,,,,,,,,,,,,
749,Male,26.0,5,,1.0,1.0,,,,,,60,25.0,,,,,,,,,4.0,1.0,2.0,1.0,3.0,3.0
750,Female,61.0,3,3.0,1.0,3.0,MI,100.0,81.0,100.0,50.0,77,64.0,5.0,0.0,0.0,0.0,50.0,0.0,0.0,1.0,1.0,1.0,1.0,1.0,1.0,1.0
751,Male,26.0,6,6.0,3.0,3.0,,90.0,30.0,,,,,38.0,10.0,10.0,10.0,22.0,8.0,3.0,30.0,1.0,1.0,1.0,1.0,1.0,3.0
752,Female,29.0,6,,,,NY,,,,,,,,,,,,,,,,,,,,
753,Female,30.0,6,,,,,,,,,,,,,,,,,,,,,,,,
754,Male,24.0,2,,,,,,,,,,,,,,,,,,,,,,,,
755,Male,32.0,1,1.0,1.0,1.0,NC,75.0,45.0,50.0,50.0,,,30.0,15.0,50.0,100.0,50.0,0.0,0.0,65.0,1.0,1.0,1.0,1.0,1.0,2.0
756,Male,29.0,6,,,,AL,,,,,,,,,,,,,,,1.0,1.0,1.0,1.0,1.0,1.0
757,Female,19.0,2,,,,,,,,,,,,,,,,,,,,,,,,
758,Female,53.0,5,9.0,4.0,9.0,OH,81.0,29.0,85.0,19.0,75,51.0,4.0,4.0,5.0,8.0,11.0,3.0,5.0,10.0,1.0,1.0,1.0,1.0,5.0,2.0
759,Female,38.0,5,,,,PA,82.0,71.0,,,90,60.0,6.0,17.0,16.0,21.0,71.0,7.0,25.0,53.0,5.0,1.0,1.0,1.0,1.0,1.0
760,Female,47.0,3,2.0,3.0,3.0,FL,,,,,,,,,,,,,,,7.0,7.0,1.0,1.0,1.0,1.0
761,Male,25.0,5,,,,NY,,,,,,,,,,,,,,,,,,,,
762,Female,22.0,5,,,,,,,,,,,,,,,,,,,,,,,,
763,Female,40.0,3,4.0,,,CA,70.0,51.0,73.0,50.0,,,10.0,9.0,10.0,5.0,4.0,2.0,1.0,1.0,1.0,1.0,1.0,1.0,1.0,1.0
764,Female,30.0,6,,,,NY,,,,,,,,,,,,,,,,,,,,
765,Female,27.0,3,7.0,2.0,2.0,PA,,,,,,,,,,,,,,,,,,,,
766,Male,22.0,5,,,,,,,,,,,,,,,,,,,,,,,,
767,Female,65.0,2,2.0,2.0,2.0,WA,,,96.0,15.0,84,12.0,9.0,7.0,4.0,32.0,39.0,1.0,34.0,41.0,1.0,1.0,1.0,1.0,1.0,1.0
768,Female,30.0,6,,,,,,,,,,,,,,,,,,,,,,,,
769,Female,30.0,6,6.0,7.0,8.0,NY,51.0,42.0,65.0,28.0,61,44.0,29.0,33.0,15.0,29.0,35.0,3.0,19.0,26.0,3.0,2.0,5.0,5.0,4.0,2.0
770,Male,24.0,3,,,,NY,,,,,,,,,,,,,,,,,,,,
771,Male,25.0,7,,,,IA,,,70.0,10.0,,,,,,,,,,,,,,,,
772,Female,20.0,3,,,,PA,85.0,35.0,,,,,13.0,7.0,7.0,1.0,21.0,12.0,0.0,29.0,5.0,1.0,1.0,1.0,1.0,1.0
773,Female,39.0,5,,,,GA,,,,,,,,,,,,,,,,,,,,
774,Male,35.0,3,,,,OK,,,,,,,,,,,,,,,1.0,2.0,1.0,1.0,3.0,2.0
775,Male,61.0,5,,,,CA,,,,,,,,,,,,,,,,,,,,
776,Female,30.0,6,,,,,,,,,,,,,,,,,,,,,,,,
777,Female,30.0,6,,,,,,,,,,,,,,,,,,,,,,,,
778,Male,24.0,5,,,,CA,,,,,,,20.0,9.0,20.0,50.0,50.0,10.0,51.0,30.0,,,,,,
779,Male,61.0,6,8.0,9.0,9.0,GA,80.0,80.0,96.0,82.0,90,100.0,80.0,20.0,18.0,26.0,20.0,29.0,22.0,38.0,1.0,1.0,1.0,1.0,1.0,1.0
780,Male,67.0,6,6.0,,,,90.0,60.0,83.0,51.0,80,52.0,,,,,,,,,1.0,1.0,1.0,1.0,1.0,1.0
781,Female,30.0,6,,,,NY,,,,,,,,,,,,,,,,,,,,
782,Male,22.0,4,3.0,1.0,4.0,MO,,,75.0,34.0,81,64.0,5.0,1.0,0.0,38.0,27.0,18.0,17.0,4.0,1.0,3.0,4.0,3.0,5.0,4.0
783,Female,30.0,5,,,,NY,,,,,,,,,,,,,,,,,,,,
784,Male,28.0,6,,,,,,,,,,,,,,,,,,,,,,,,
785,Male,28.0,6,,,,,,,,,,,,,,,,,,,,,,,,
786,Male,38.0,3,,,,WA,,,,,,,,,,,,,,,,,,,,
787,Female,30.0,6,,,,CA,,,,,,,,,,,,,,,,,,,,
788,Female,28.0,5,,,,NY,,,,,,,,,,,,,,,,,,,,
789,Male,32.0,6,,,,TX,,,,,,,,,,,,,,,6.0,1.0,1.0,1.0,2.0,3.0
790,Male,35.0,6,,,,GA,,,,,,,,,,,,,,,,,,,,
791,Male,75.0,5,5.0,3.0,3.0,VA,,,100.0,72.0,,,51.0,5.0,8.0,52.0,11.0,0.0,3.0,6.0,2.0,1.0,3.0,1.0,1.0,1.0
792,Female,30.0,6,,,,NY,,,,,,,,,,,,,,,,,,,,
793,Female,34.0,3,,,,GA,,,,,,,,,,,,,,,,,,,,
794,Male,28.0,5,,,,CA,,,,,,,,,,,,,,,,,,,,
795,Male,31.0,3,,,,OR,,,,,,,,,,,,,,,4.0,7.0,7.0,7.0,7.0,7.0
796,Female,20.0,3,,,,TN,,,,,,,,,,,,,,,,,,,,
797,Female,19.0,3,8.0,3.0,1.0,MD,,,,,,,,,,,,,,,7.0,7.0,3.0,2.0,2.0,1.0
798,Female,35.0,5,7.0,9.0,9.0,,70.0,50.0,70.0,45.0,,,1.0,0.0,0.0,2.0,5.0,0.0,3.0,1.0,2.0,4.0,1.0,1.0,1.0,1.0
799,Male,44.0,7,,,,FL,,,,,,,,,,,,,,,,,,,,
800,Male,56.0,3,1.0,4.0,9.0,PA,97.0,89.0,96.0,96.0,85,75.0,1.0,0.0,0.0,1.0,0.0,0.0,0.0,0.0,1.0,5.0,2.0,2.0,6.0,5.0
801,Male,19.0,3,,,,TX,,,,,,,,,,,,,,,,,,,,
802,Female,51.0,4,,,,FL,,,,,,,,,,,,,,,1.0,1.0,4.0,1.0,1.0,1.0
803,Female,28.0,6,,,,GA,,,,,,,9.0,23.0,15.0,7.0,40.0,2.0,26.0,12.0,,,,,,
804,Female,19.0,2,5.0,5.0,8.0,CA,80.0,60.0,30.0,50.0,15,10.0,9.0,5.0,4.0,4.0,1.0,2.0,3.0,5.0,2.0,1.0,1.0,1.0,1.0,2.0
805,Male,25.0,5,,,,NY,,,,,,,,,,,,,,,,,,,,
806,Male,36.0,3,,,,FL,,,100.0,100.0,55,43.0,,,,,,,,,1.0,2.0,3.0,5.0,5.0,5.0
807,Male,23.0,2,,,,AZ,,,,,,,,,,,,,,,1.0,1.0,1.0,1.0,1.0,1.0
808,Male,34.0,5,,,,,,,,,,,,,,,,,,,,,,,,
809,Female,28.0,5,,,,FL,,,,,,,,,,,,,,,,,,,,
810,Female,30.0,5,,,,IN,,,,,,,,,,,,,,,2.0,1.0,2.0,2.0,1.0,2.0
811,Female,28.0,5,,,,NY,,,,,,,,,,,,,,,,,,,,
812,Female,30.0,6,,,,NY,,,,,,,,,,,,,,,,,,,,
813,Female,32.0,6,,,,NY,,,,,,,,,,,,,,,,,,,,
814,Male,30.0,6,,,,NY,,,,,,,,,,,,,,,,,,,,
815,Female,28.0,6,,,,CA,,,,,,,,,,,,,,,,,,,,
816,Male,35.0,6,,,,,,,,,,,,,,,,,,,,,,,,
817,Female,35.0,6,,,,,,,,,,,,,,,,,,,,,,,,
818,Male,27.0,6,,,,NY,,,,,,,,,,,,,,,,,,,,
819,Male,27.0,5,,,,NM,,,,,,,,,,,,,,,,,,,,
820,Male,30.0,3,,,,MO,,,,,,,,,,,,,,,6.0,2.0,1.0,5.0,6.0,6.0
821,Female,28.0,6,,,,NY,,,,,,,,,,,,,,,,,,,,
822,Female,61.0,7,,,,MI,90.0,50.0,,,90,40.0,0.0,0.0,0.0,5.0,6.0,0.0,7.0,0.0,2.0,2.0,2.0,2.0,6.0,2.0
823,Male,33.0,5,,,,,,,,,,,,,,,,,,,,,,,,
824,Female,30.0,7,,,,NY,,,,,,,,,,,,,,,,,,,,
825,Male,31.0,6,,,,FL,,,,,,,,,,,,,,,,,,,,
826,Male,30.0,6,,,,CA,,,,,,,,,,,,,,,,,,,,
827,Male,31.0,6,,,,FL,,,,,,,,,,,,,,,,,,,,
828,Female,35.0,6,,,,DE,,,,,,,,,,,,,,,,,,,,
829,Female,35.0,6,,,,,,,,,,,,,,,,,,,,,,,,
830,Male,35.0,6,,,,CA,,,,,,,,,,,,,,,,,,,,
831,Female,69.0,5,,,,MS,,,,,,,,,,,,,,,,,,,,
832,Female,28.0,6,3.0,3.0,1.0,,,,,,,,,,,,,,,,5.0,2.0,5.0,1.0,3.0,5.0
833,Male,26.0,5,,,,CA,,,,,,,,,,,,,,,,,,,,
834,Male,26.0,4,,,,,,,,,,,,,,,,,,,1.0,2.0,3.0,2.0,3.0,5.0
835,Female,38.0,6,,,,ID,,,,,,,,,,,,,,,,,,,,
836,Female,33.0,6,,,,,,,,,,,,,,,,,,,,,,,,
837,Male,73.0,5,5.0,9.0,9.0,FL,70.0,10.0,80.0,20.0,80,20.0,20.0,5.0,4.0,20.0,80.0,1.0,5.0,5.0,,,,,,
838,Female,30.0,6,,,,,,,,,,,,,,,,,,,,,,,,
839,Male,30.0,6,,,,NY,,,,,,,,,,,,,,,,,,,,
840,Male,30.0,6,,,,NY,,,,,,,,,,,,,,,,,,,,
841,Male,30.0,6,,,,FL,,,,,,,,,,,,,,,,,,,,
842,Female,27.0,5,4.0,,,,,,80.0,50.0,85,50.0,0.0,0.0,0.0,20.0,50.0,20.0,10.0,15.0,2.0,4.0,5.0,3.0,4.0,4.0
843,Female,43.0,6,,,,GA,,,,,,,,,,,,,,,,,,,,
844,Male,33.0,5,,,,CA,,,,,,,,,,,,,,,,,,,,
845,Male,26.0,5,,,,FL,,,,,,,,,,,,,,,,,,,,
846,Male,27.0,5,,,,,,,,,,,,,,,,,,,,,,,,
847,Male,54.0,5,6.0,1.0,2.0,AZ,82.0,71.0,75.0,70.0,90,76.0,60.0,0.0,0.0,5.0,50.0,0.0,0.0,12.0,1.0,7.0,1.0,1.0,1.0,3.0
848,Female,44.0,3,4.0,1.0,2.0,CA,,,,,,,,,,,,,,,,,,,,
849,Male,21.0,4,,,,MN,,,,,,,,,,,,,,,,,,,,
850,Male,45.0,7,,,,TX,,,,,,,,,,,,,,,,,,,,
851,Male,24.0,5,,,,GA,,,,,,,,,,,,,,,,,,,,
852,Female,22.0,3,6.0,1.0,1.0,CA,,,,,,,,,,,,,,,1.0,1.0,1.0,1.0,1.0,1.0
853,Male,44.0,6,,,,NY,,,,,,,,,,,,,,,,,,,,
854,Male,26.0,5,,,,NY,,,,,,,,,,,,,,,,,,,,
855,Male,58.0,6,,,,KY,,,,,,,,,,,,,,,1.0,1.0,1.0,1.0,2.0,1.0
856,Female,40.0,6,,,,NY,,,,,,,,,,,,,,,,,,,,
857,Female,30.0,5,,,,,,,,,,,,,,,,,,,,,,,,
858,Female,30.0,5,,,,NY,,,,,,,,,,,,,,,,,,,,
859,Female,33.0,6,,,,TX,,,,,,,,,,,,,,,,,,,,
860,Male,30.0,5,,,,,,,,,,,,,,,,,,,,,,,,
861,Female,39.0,3,,,,IN,,,,,80,50.0,,,,,,,,,1.0,1.0,1.0,1.0,4.0,1.0
862,Female,41.0,3,4.0,,,TN,100.0,50.0,,,,,,,,,,,,,1.0,1.0,1.0,1.0,1.0,1.0
863,Female,49.0,5,,,,CA,,,,,50,25.0,,,,,,,,,1.0,1.0,1.0,1.0,1.0,1.0
864,Female,30.0,6,,,,NY,,,,,,,,,,,,,,,,,,,,
865,Female,30.0,6,,,,,,,,,,,,,,,,,,,,,,,,
866,Female,38.0,6,,,,IA,,,,,,,,,,,,,,,,,,,,
867,Male,53.0,6,6.0,6.0,2.0,TX,75.0,75.0,57.0,57.0,,,45.0,3.0,2.0,43.0,6.0,1.0,,1.0,1.0,1.0,2.0,1.0,3.0,1.0
868,Male,23.0,5,,,,NY,,,,,,,,,,,,,,,,,,,,
869,Female,30.0,6,4.0,,,CA,,,90.0,60.0,95,60.0,0.0,0.0,0.0,20.0,40.0,10.0,5.0,5.0,2.0,3.0,5.0,2.0,3.0,3.0
870,Male,30.0,6,,,,NY,,,,,,,,,,,,,,,,,,,,
871,Female,27.0,5,,,,,,,,,94,75.0,10.0,3.0,2.0,3.0,11.0,26.0,18.0,44.0,,,,,,
872,Male,26.0,5,4.0,3.0,4.0,NY,86.0,62.0,82.0,23.0,91,53.0,20.0,11.0,12.0,55.0,58.0,14.0,59.0,66.0,2.0,2.0,2.0,1.0,1.0,2.0
873,Male,44.0,5,,,,CO,,,,,,,,,,,,,,,,,,,,
874,Male,22.0,3,1.0,1.0,2.0,CA,100.0,50.0,100.0,30.0,,,,,,,,,,,1.0,1.0,2.0,1.0,2.0,6.0
875,Male,30.0,5,,,,NY,,,,,,,,,,,,,,,,,,,,
876,Female,28.0,6,,,,NY,,,,,,,,,,,,,,,,,,,,
877,Female,31.0,6,,,,NY,,,,,,,,,,,,,,,,,,,,
878,Female,36.0,4,,,,WI,,,,,,,,,,,,,,,3.0,5.0,1.0,2.0,5.0,2.0
879,Female,29.0,5,,,,NY,,,,,,,,,,,,,,,,,,,,
880,Male,71.0,5,3.0,3.0,3.0,MN,,,,,,,,,,,,,,,1.0,1.0,1.0,1.0,1.0,1.0
881,Female,61.0,3,,,,GA,,,,,,,,,,,,,,,,,,,,
882,Male,30.0,5,,,,,,,,,,,,,,,,,,,,,,,,
883,Female,27.0,6,,,,NY,,,,,,,,,,,,,,,,,,,,
884,Female,29.0,3,,,,GA,,,,,,,,,,,,,,,,,,,,
885,Male,32.0,6,6.0,,,,,,,,,,28.0,1.0,1.0,1.0,1.0,60.0,1.0,1.0,1.0,5.0,1.0,1.0,4.0,1.0
886,Female,49.0,5,6.0,2.0,7.0,CO,20.0,9.0,20.0,20.0,8,6.0,5.0,5.0,6.0,2.0,13.0,2.0,8.0,3.0,1.0,1.0,1.0,1.0,6.0,2.0
887,Male,33.0,6,,,,,,,,,,,,,,,,,,,,,,,,
888,Female,46.0,5,,,,FL,98.0,98.0,,,,,0.0,6.0,6.0,1.0,17.0,0.0,1.0,1.0,1.0,7.0,1.0,1.0,4.0,1.0
889,Female,20.0,3,,,,NY,,,,,,,,,,,,,,,,,,,,
890,Female,30.0,6,,,,TX,,,,,,,,,,,,,,,,,,,,
891,Female,30.0,5,,,,CA,,,,,,,,,,,,,,,,,,,,
892,Female,30.0,6,,,,NY,,,,,,,,,,,,,,,,,,,,
893,Male,31.0,6,,,,,,,,,,,,,,,,,,,,,,,,
894,Female,30.0,6,,,,NY,,,,,,,,,,,,,,,,,,,,
895,Female,30.0,6,,,,NY,,,,,,,,,,,,,,,,,,,,
896,Male,40.0,7,,,,NY,,,,,,,,,,,,,,,,,,,,
897,Female,22.0,3,,,,AZ,,,,,,,10.0,10.0,0.0,10.0,5.0,0.0,0.0,10.0,1.0,1.0,1.0,1.0,2.0,2.0
898,Female,29.0,6,,,,LA,,,,,,,,,,,,,,,2.0,7.0,1.0,1.0,3.0,3.0
899,Female,64.0,3,,,,VA,,,,,,,,,,,,,,,,,,,,
900,Female,30.0,6,,,,NY,,,,,,,,,,,,,,,,,,,,
901,Male,29.0,5,,,,CA,,,,,,,,,,,,,,,1.0,1.0,1.0,1.0,1.0,3.0
902,Male,20.0,3,,,,NY,,,,,,,,,,,,,,,,,,,,
903,Male,28.0,3,,,,AL,,,,,,,,,,,,,,,2.0,1.0,1.0,1.0,1.0,1.0
904,Male,19.0,2,,,,OH,,,,,,,,,,,,,,,,,,,,
905,Male,34.0,2,,,,ID,69.0,5.0,99.0,50.0,49,52.0,53.0,68.0,61.0,74.0,87.0,96.0,77.0,81.0,1.0,4.0,7.0,7.0,7.0,7.0
906,Female,33.0,6,5.0,3.0,9.0,GA,51.0,15.0,61.0,49.0,50,50.0,50.0,24.0,19.0,37.0,49.0,33.0,38.0,61.0,1.0,2.0,1.0,1.0,1.0,1.0
907,Male,43.0,5,7.0,3.0,9.0,PA,77.0,68.0,54.0,35.0,54,36.0,6.0,5.0,4.0,5.0,4.0,6.0,4.0,6.0,5.0,1.0,4.0,1.0,1.0,1.0
908,Male,20.0,3,,,,IA,,,,,,,,,,,,,,,,,,,,
909,Female,35.0,6,,,,,,,,,,,,,,,,,,,,,,,,
910,Male,30.0,6,9.0,9.0,9.0,CA,99.0,85.0,100.0,25.0,99,85.0,2.0,0.0,1.0,7.0,4.0,0.0,3.0,1.0,1.0,1.0,1.0,1.0,1.0,1.0
911,Male,35.0,6,,,,TX,,,,,,,,,,,,,,,5.0,1.0,7.0,1.0,6.0,1.0
912,Female,19.0,3,,,,VA,,,,,,,,,,,,,,,,,,,,
913,Female,47.0,6,,,,NY,,,,,90,50.0,,,,,,,,,1.0,2.0,1.0,1.0,1.0,1.0
914,Male,20.0,3,,,,,,,,,,,,,,,,,,,,,,,,
915,Female,51.0,5,,,,GA,,,,,,,,,,,,,,,,,,,,
916,Male,30.0,6,,,,NY,,,,,,,,,,,,,,,,,,,,
